area_id,area_name,land_area,population,number_of_dwellings,population_density,dwelling_density,transport_density,ZP,ZD,ZT,retail_trade_z,accommodation_and_food_services_z,health_care_and_social_assistance_z,education_and_training_z,arts_and_recreation_services_z,carpods_num,busstops_num,librarybookstore_num,parksplaygrounds_num,trainstation_num
102011028,Avoca Beach - Copacabana,643.8,7590,2325,11.78937558,3.611369991,0.0,-1.127442754,-0.9536811079999999,-0.740649427,-0.5988523179999999,0.08587714199999999,0.847793921,-0.394416545,1.4605358999999998,0.0,60.0,0.0,0.0,0.0
102011029,Box Head - MacMasters Beach,3208.6,10986,3847,3.4239232060000004,1.198965281,0.0,-0.6951308190000001,-0.271481249,-0.740649427,-0.66403395,-0.292180266,-0.370526257,-0.40491707899999996,1.975785264,0.0,111.0,0.0,0.0,0.0
102011030,Calga - Kulnura,76795.1,4841,1575,0.06303787599999999,0.020509121,0.0,-1.4773913730000001,-1.289850553,-0.740649427,-1.141345653,-0.42765613399999997,-1.616320212,0.252039005,0.801931869,0.0,88.0,0.0,0.0,0.0
102011031,Erina - Green Point,3379.3,14237,4450,4.213002693,1.3168407659999999,0.0,-0.281277433,-0.001201016,-0.740649427,1.6385211,0.017512513,1.3280592759999998,-0.236636255,-0.452820231,0.0,145.0,0.0,0.0,0.0
102011032,Gosford - Springfield,1691.2,19385,6373,11.46227531,3.76833018,0.0,0.374064688,0.86073744,-0.740649427,0.9950751729999999,0.085340745,1.6524296669999998,0.34564092700000004,-0.062010925999999994,0.0,180.0,0.0,0.0,0.0
102011033,Kariong,830.6,6540,1824,7.87382615,2.196002889,0.0,-1.261108105,-1.178242297,-0.740649427,-0.38268747,-0.0007852730000000001,-0.24645933399999997,-0.08055797599999999,0.998179939,0.0,32.0,0.0,0.0,0.0
102011034,Kincumber - Picketts Valley,1208.9,7428,1946,6.14442882,1.6097278519999998,0.0,-1.148065408,-1.1235587340000002,-0.740649427,0.408472614,0.07055105099999999,0.831033415,2.265936445,1.023262909,0.0,72.0,0.0,0.0,0.0
102011035,Narara,770.2,6853,2006,8.897688912000001,2.6045183069999998,0.0,-1.2212631,-1.0966651790000002,-0.740649427,-0.568577198,-0.397905722,-0.124694654,1.980056221,1.491936498,0.0,55.0,0.0,0.0,0.0
102011036,Niagara Park - Lisarow,1673.2,8173,2345,4.884652163999999,1.4015060959999999,0.0,-1.0532266590000001,-0.94471659,-0.740649427,-0.674805331,-0.0732561,-0.064472218,0.97528013,-0.7398017459999999,0.0,60.0,0.0,0.0,0.0
102011037,Point Clare - Koolewong,678.7,6281,2220,9.25445705,3.270959187,0.0,-1.2940788909999998,-1.000744831,-0.740649427,-1.494421971,-0.192364659,0.18513102399999998,0.203885025,0.967372905,0.0,86.0,0.0,0.0,0.0
102011038,Saratoga - Davistown,476.8,7177,2366,15.05243289,4.962248322,0.0,-1.1800177920000001,-0.935303845,-0.740649427,0.474032255,-0.193058445,-0.5787880999999999,-1.013671483,1.205842163,0.0,49.0,0.0,0.0,0.0
102011039,Terrigal - North Avoca,1010.7,14048,4457,13.89927773,4.40981498,0.0,-0.30533719600000003,0.001936566,-0.740649427,-0.515714188,0.210329255,2.165954848,0.591114903,0.238698778,0.0,99.0,0.0,0.0,0.0
102011040,Umina - Booker Bay - Patonga,2522.8,24251,7540,9.612731885,2.988742667,0.0,0.993508114,1.383817096,-0.740649427,0.132675287,0.396799412,-0.389584296,0.5243309829999999,0.593410456,0.0,205.0,0.0,0.0,0.0
102011041,Wamberal - Forresters Beach,1372.2,10308,2947,7.5120244860000005,2.1476461159999998,0.0,-0.781440446,-0.674884582,-0.740649427,-1.0919183129999999,-0.109894295,0.42898304,-0.270728439,0.426049322,0.0,85.0,0.0,0.0,0.0
102011042,Woy Woy - Blackwall,1742.3,14327,4304,8.223038512,2.4702978819999997,0.0,-0.269820403,-0.06664200099999999,-0.740649427,1.10645781,0.595933224,0.026415476,-0.038817715,0.12532885900000001,0.0,164.0,0.0,0.0,0.0
102011043,Wyoming,838.1,11659,3269,13.91122778,3.9004892019999997,0.0,-0.6094576939999999,-0.530555834,-0.740649427,-0.604699101,0.384171035,0.996465818,1.55741231,0.988291261,0.0,91.0,0.0,0.0,0.0
102021044,Bateau Bay - Killarney Vale,1086.0,22465,6941,20.68600368,6.391344383,0.0,0.766149717,1.115329766,-0.740649427,-0.547375212,-0.156040467,-0.051122704000000005,-0.035541779,0.127546391,0.0,148.0,0.0,0.0,0.0
102021045,Blue Haven - San Remo,2098.0,11366,3624,5.417540515,1.72735939,0.0,-0.6467566920000001,-0.371435631,-0.740649427,0.053285695999999994,-0.153995933,-0.915566524,-2.2992133790000002,0.053572562000000004,0.0,65.0,0.0,0.0,0.0
102021046,Budgewoi - Buff Point - Halekulani,935.3,9639,3648,10.30578424,3.900352828,0.0,-0.866604369,-0.36067820799999994,-0.740649427,-0.698531606,0.153485396,-0.522039822,-0.514146632,-0.498513755,0.0,84.0,0.0,0.0,0.0
102021047,Chittaway Bay - Tumbi Umbi,2449.9,15697,4947,6.407200294,2.019266092,0.0,-0.095418945,0.22156727,-0.740649427,-0.13828585599999998,-0.274793907,-0.24075137,0.372101296,-0.553825086,0.0,141.0,0.0,0.0,0.0
102021048,Gorokan - Kanwal - Charmhaven,1124.9,22567,7562,20.06133879,6.722375322,0.0,0.779134351,1.3936780659999999,-0.740649427,1.27867419,0.032421821,0.254162661,0.763401138,0.15008043599999998,0.0,163.0,0.0,0.0,0.0
102021049,Jilliby - Yarramalong,34676.6,3520,973,0.101509375,0.028059268,0.0,-1.645555114,-1.55968256,-0.740649427,-0.97165216,-0.42839046299999994,-0.668351032,-0.6972304009999999,-0.320361083,0.0,119.0,0.0,0.0,0.0
102021050,Lake Munmorah - Mannering Park,3549.5,11093,4252,3.125228905,1.197915199,0.0,-0.6815096829999999,-0.08994974900000001,-0.740649427,0.210568518,0.128910357,-0.6925061840000001,-0.08893026,-0.6566808829999999,0.0,105.0,0.0,0.0,0.0
102021051,Ourimbah - Fountaindale,11411.7,4996,1317,0.43779629700000006,0.115407871,0.0,-1.457659821,-1.405492842,-0.740649427,0.7519741740000001,-0.298741405,0.629369406,-0.16445246300000002,1.2444958529999999,0.0,57.0,0.0,0.0,0.0
102021052,Summerland Point - Gwandalan,917.9,5904,2143,6.4320732110000005,2.33467698,0.0,-1.342071117,-1.035258227,-0.740649427,-0.519920755,-0.026124484,-0.788790137,0.421924955,-1.4047686519999998,0.0,30.0,0.0,0.0,0.0
102021053,The Entrance,1385.8,15416,4428,11.12426036,3.195266272,0.0,-0.13119033900000002,-0.011061986000000001,-0.740649427,1.531668421,0.68700005,-0.151140906,-0.581086635,0.49836663200000003,0.0,100.0,0.0,0.0,0.0
102021054,Toukley - Norah Head,1052.2,10092,3208,9.591332446000001,3.0488500289999996,0.0,-0.808937318,-0.557897616,-0.740649427,1.294699761,0.613884807,0.315766033,0.62277088,0.033731185,0.0,88.0,0.0,0.0,0.0
102021055,Tuggerah - Kangy Angy,2784.6,5480,1420,1.9679666740000001,0.5099475689999999,0.0,-1.3960464590000001,-1.359325572,-0.740649427,0.7095620429999999,0.040680932999999996,-0.6486148070000001,0.269227984,-0.535459398,0.0,78.0,0.0,0.0,0.0
102021056,Warnervale - Wadalba,4289.0,16365,4387,3.8155747260000004,1.022849149,0.0,-0.010382321,-0.029439249,-0.740649427,-0.024131878,-0.058897687000000004,0.17512928100000003,2.1750750180000002,-0.165748285,0.0,151.0,0.0,0.0,0.0
102021057,Wyong,1503.3,9114,2805,6.062662143,1.865895031,0.0,-0.933437045,-0.7385326640000001,-0.740649427,-0.290835662,0.8785076759999999,-0.5036091460000001,0.606709233,0.562296241,0.0,100.0,0.0,0.0,0.0
115011290,Baulkham Hills (East),830.8,24370,6258,29.33317285,7.5324987960000005,0.0,1.008656854,0.8091914590000001,-0.740649427,0.015890203000000002,-0.166538128,0.477040047,0.525559798,0.169929573,0.0,138.0,0.0,0.0,0.0
115011291,Baulkham Hills (West) - Bella Vista,1096.3,21416,5244,19.53479887,4.783362218,0.0,0.632611666,0.35469037,-0.740649427,-0.731789687,-0.176710402,1.0353262429999999,0.17368075600000002,-0.499935635,0.0,146.0,0.0,0.0,0.0
115011294,Glenhaven,723.1,6467,1687,8.943437975,2.333010649,0.0,-1.270401029,-1.239649249,-0.740649427,-1.145367594,-0.43608695700000005,0.719716932,-1.0258981040000001,-0.11187783400000001,0.0,70.0,0.0,0.0,0.0
115011296,West Pennant Hills,782.9,13244,3543,16.91659216,4.525482182,0.0,-0.407686664,-0.407741931,-0.740649427,-0.9972912840000001,-0.394829528,1.019022175,0.298812908,-0.771656448,0.0,110.0,0.0,0.0,0.0
115011553,Castle Hill - Central,415.1,7992,2236,19.253192000000002,5.386653817999999,0.0,-1.07626802,-0.9935732159999999,-0.740649427,1.00013566,-0.35777534299999997,-0.36089867700000006,1.859011989,0.061256556,0.0,58.0,0.0,0.0,0.0
115011554,Castle Hill - East,207.2,5685,1489,27.43725869,7.186293436000001,0.0,-1.3699498909999999,-1.328397983,-0.740649427,-0.216774857,-0.51784277,1.6452654930000001,1.7160395869999998,-0.31757340300000003,0.0,49.0,0.0,0.0,0.0
115011555,Castle Hill - North,681.5,12409,3296,18.2083639,4.836390315,0.0,-0.513982444,-0.5184537339999999,-0.740649427,0.098171392,-0.021271609,1.0414643559999999,0.947567267,-0.698333877,0.0,84.0,0.0,0.0,0.0
115011556,Castle Hill - South,412.8,9970,2774,24.15213178,6.71996124,0.0,-0.824467959,-0.7524276679999999,-0.740649427,0.176486547,-0.09819085400000001,1.240484584,1.174718914,0.223234157,0.0,37.0,0.0,0.0,0.0
115011557,Castle Hill - West,163.6,5368,1315,32.81173594,8.037897311,0.0,-1.4103040969999998,-1.406389294,-0.740649427,-0.224838144,-0.462108435,0.803905515,0.704504705,-0.794789394,0.0,16.0,0.0,0.0,0.0
115011558,Cherrybrook,825.1,19518,4862,23.65531451,5.892619076,0.0,0.39099563200000004,0.183468066,-0.740649427,0.18860122699999998,-0.043218977,0.86523206,0.873783706,-1.058340939,0.0,123.0,0.0,0.0,0.0
115011559,Kellyville,1064.1,25111,6122,23.59834602,5.753218682000001,0.0,1.102986401,0.7482327329999999,-0.740649427,-0.34844874,-0.16911088600000002,0.777418141,0.141307564,-0.43633894,0.0,81.0,0.0,0.0,0.0
115021297,Dural - Kenthurst - Wisemans Ferry,37754.0,22060,5920,0.584308947,0.156804577,0.0,0.714593082,0.657691096,-0.740649427,0.039051011000000004,-0.28872134,-0.6742602879999999,-0.136340623,-0.02680845,0.0,281.0,0.0,0.0,0.0
115021298,Galston - Laughtondale,19169.9,5378,1569,0.280543978,0.081847062,0.0,-1.409031093,-1.292539909,-0.740649427,-0.434605022,-0.39731703799999996,-0.8472057270000001,0.763401138,0.7979342229999999,0.0,58.0,0.0,0.0,0.0
115031299,Bilpin - Colo - St Albans,216016.0,2751,858,0.012735168,0.003971928,0.0,-1.743449071,-1.6112285419999999,-0.740649427,-0.13522046199999999,-0.050749177,-1.641320575,-0.8574286990000001,0.221842702,0.0,20.0,0.0,0.0,0.0
115031300,Kurrajong Heights - Ebenezer,33185.0,22443,6680,0.676299533,0.20129576600000001,0.0,0.76334911,0.9983427990000001,-0.740649427,-1.132078875,-0.35901192,-1.140400366,-0.11379215599999999,0.161597837,0.0,151.0,0.0,0.0,0.0
115041301,Pitt Town - McGraths Hill,8155.2,11034,3083,1.353001766,0.378041005,0.0,-0.689020403,-0.613925857,-0.740649427,-0.6320405579999999,-0.287365357,-1.3739733719999998,-1.047355534,0.09448164,0.0,134.0,0.0,0.0,1.0
115041302,Rouse Hill - Beaumont Hills,3667.3,24977,5400,6.810732692,1.472472936,0.0,1.0859281570000001,0.424613614,-0.740649427,0.965487705,-0.071361909,-0.14057104199999998,0.456286591,-0.668489139,0.0,152.0,0.0,0.0,0.0
116011303,Blacktown (East) - Kings Park,797.5,17868,5044,22.40501567,6.32476489,0.0,0.180950081,0.265045184,-0.740649427,0.70785817,-0.010107316,0.089624947,-1.288907167,-0.5385051670000001,0.0,123.0,0.0,0.0,1.0
116011304,Blacktown (North) - Marayong,738.3,18984,4913,25.71312475,6.6544765,0.0,0.323017254,0.206327588,-0.740649427,-0.472397946,-0.111667091,-0.144153575,-0.6778292229999999,-1.038921807,0.0,115.0,0.0,0.0,1.0
116011306,Doonside - Woodcroft,991.1,24242,5920,24.45969125,5.973161134,0.0,0.9923624109999999,0.657691096,-0.740649427,0.21225423,-0.016879508999999997,-0.076673287,-0.542437567,0.10874498,0.0,101.0,0.0,0.0,1.0
116011307,Lalor Park - Kings Langley,1180.0,25825,7955,21.88559322,6.741525424,0.0,1.19387884,1.569830855,-0.740649427,-0.231743297,-0.369520935,-1.075185772,-0.998144322,-0.347911629,0.0,167.0,0.0,0.0,1.0
116011308,Seven Hills - Toongabbie,1120.3,25379,6182,22.65375346,5.518164777000001,0.0,1.1371028909999998,0.7751262879999999,-0.740649427,0.459494897,0.191552843,-0.218371631,0.50376117,-0.227085927,0.0,117.0,0.0,0.0,0.0
116011560,Blacktown (South),335.9,12939,2840,38.52039297,8.454897291,0.0,-0.446513266,-0.7228447570000001,-0.740649427,-1.105520896,-0.11611447400000001,-0.47534367899999996,-0.5709329879999999,-0.966056046,0.0,38.0,0.0,0.0,0.0
116011561,Blacktown (West),467.5,16829,4165,35.99786096,8.909090909,0.0,0.048685034,-0.128945405,-0.740649427,0.007304044,0.16797077600000002,-0.665266157,-0.7937354,-0.513072066,0.0,80.0,0.0,0.0,0.0
116021309,Glenwood,511.9,16739,4282,32.69974604,8.364915022,0.0,0.037228002999999996,-0.076502971,-0.740649427,1.4457050519999999,0.110442371,-0.17117701800000001,-0.40366313200000004,-0.46380820000000006,0.0,64.0,0.0,0.0,0.0
116021310,Parklea - Kellyville Ridge,981.3,34440,7498,35.09630083,7.640884541,0.0,2.2905712190000003,1.3649916069999999,-0.740649427,1.208367127,0.047612967,0.395274763,-0.010936653000000001,-0.405432754,0.0,66.0,0.0,0.0,0.0
116021312,Riverstone - Marsden Park,7942.1,21668,4867,2.728245678,0.612810214,0.0,0.664691351,0.18570919600000002,-0.740649427,0.341752985,-0.28571607,-1.0386634940000001,-1.306248723,-0.262107784,0.0,169.0,0.0,0.0,3.0
116021562,Acacia Gardens,94.7,3905,272,41.23548046,2.8722280889999996,0.0,-1.596544485,-1.873888935,-0.740649427,1.625052137,-0.288795435,-0.005823132,3.170592316,1.0636299,0.0,18.0,0.0,0.0,0.0
116021563,Quakers Hill,776.8,23972,2761,30.85993821,3.5543254380000002,0.0,0.957991321,-0.758254605,-0.740649427,0.33185596300000003,-0.107122595,-0.5060113470000001,-0.293520405,0.037771915,0.0,98.0,0.0,0.0,1.0
116031313,Bidwill - Hebersham - Emerton,609.5,18942,4746,31.07793273,7.786710417999999,0.0,0.31767064,0.131473858,-0.740649427,-0.064202677,-0.077850792,-0.45699344700000005,-0.45731078,-0.6566808829999999,0.0,109.0,0.0,0.0,0.0
116031314,Glendenning - Dean Park,514.3,8659,2300,16.83647676,4.472097997,0.0,-0.991358697,-0.964886757,-0.740649427,-0.060539061,-0.113689391,-1.393810779,0.043686727,-0.876119962,0.0,52.0,0.0,0.0,0.0
116031315,Hassall Grove - Plumpton,620.5,21429,5072,34.53505238,8.174053183,0.0,0.6342665710000001,0.27759551,-0.740649427,-0.7050371240000001,-0.20316466100000002,-0.755923295,-1.1120761559999999,-0.37157903,0.0,88.0,0.0,1.0,0.0
116031316,Lethbridge Park - Tregear,1126.7,21997,5899,19.52338688,5.235643916,0.0,0.7065731609999999,0.648278351,-0.740649427,1.4593562219999998,-0.174149203,-0.647749741,0.5733078229999999,-0.432541176,0.0,126.0,0.0,0.0,0.0
116031317,Mount Druitt - Whalan,868.6,23616,5253,27.18857932,6.047662906,0.0,0.912672402,0.35872440299999997,-0.740649427,1.509926666,-0.003591506,0.278292798,-0.51178959,-1.032480842,0.0,130.0,0.0,0.0,1.0
116031318,Prospect Reservoir,3069.2,40,5,0.013032712,0.001629089,0.0,-2.088560277,-1.993565257,-0.740649427,-1.613912214,-0.522800785,-1.948574115,-1.3620533369999999,-0.770390224,0.0,69.0,0.0,0.0,0.0
116031319,Rooty Hill - Minchinbury,1462.4,21912,5062,14.98358862,3.46143326,0.0,0.695752632,0.273113251,-0.740649427,0.590277455,0.065462044,-0.610451495,-0.46780067799999997,-0.873463436,0.0,133.0,0.0,0.0,1.0
117011320,Banksmeadow,336.8,21,0,0.062351544,0.0,0.0,-2.0909789830000003,-1.9958063869999998,-0.740649427,-0.08570066800000001,-0.483790163,-1.948574115,-2.2992133790000002,-0.629244901,0.0,9.0,0.0,0.0,0.0
117011321,Botany,343.1,11679,2676,34.03963859,7.799475372000001,0.0,-0.606911687,-0.796353808,-0.740649427,-1.127887485,0.014494064,-0.9275373,-0.742071182,0.054690922,0.0,35.0,0.0,0.0,0.0
117011322,Mascot - Eastlakes,616.5,27068,8150,43.90592052,13.21978913,0.0,1.352113155,1.657234911,-0.740649427,0.386507282,0.144553681,-0.903554807,-0.422471692,-0.503197243,0.0,86.0,0.0,0.0,1.0
117011323,Pagewood - Hillsdale - Daceyville,311.9,12097,3340,38.78486694,10.70856044,0.0,-0.553700148,-0.498731794,-0.740649427,0.602969532,0.167947588,0.024459046,0.6154812270000001,0.68429313,0.0,41.0,0.0,1.0,0.0
117011324,Port Botany Industrial,280.4,7,0,0.024964337000000003,0.0,0.0,-2.0927611880000003,-1.9958063869999998,-0.740649427,-1.203994298,-0.308504341,-1.948574115,1.171749741,-1.4047686519999998,0.0,17.0,0.0,0.0,0.0
117011325,Sydney Airport,891.1,202,0,0.22668611800000002,0.0,0.0,-2.067937623,-1.9958063869999998,-0.740649427,-3.36145701,-0.698134239,-1.948574115,-2.2992133790000002,-1.4047686519999998,0.0,12.0,0.0,0.0,2.0
117021326,Marrickville,581.3,28223,7735,48.55152245,13.30638225,0.029244796,1.499145041,1.471221151,0.310972446,1.097808151,0.119599787,-0.289101929,-0.792040587,1.58790325,9.0,80.0,0.0,0.0,2.0
117021327,Petersham - Stanmore,300.3,21633,4947,72.03796204,16.47352647,0.0033300029999999998,0.6602358389999999,0.22156727,-0.678789317,0.193798445,0.326244837,0.69067556,0.471038876,2.621455069,16.0,53.0,2.0,0.0,2.0
117021328,Sydenham - Tempe - St Peters,385.4,8461,1757,21.95381422,4.558899844,0.0,-1.016564163,-1.208273434,-0.740649427,0.818502945,-0.0045428379999999996,-1.152409622,1.005705507,1.610522864,0.0,45.0,0.0,0.0,2.0
117031329,Darlinghurst,85.7,12414,3914,144.8541424,45.67094516,0.46674445700000006,-0.513345942,-0.241450112,1.733754979,0.50479254,0.8302148979999999,1.762939887,0.6726068140000001,2.52500922,19.0,33.0,2.0,3.0,0.0
117031330,Erskineville - Alexandria,432.0,17822,4374,41.25462963,10.125,0.034722222000000004,0.175094265,-0.035266186,0.187252225,1.145883516,0.026519254,-0.779743966,-0.06649316200000001,2.373640257,11.0,79.0,0.0,17.0,2.0
117031331,Glebe - Forest Lodge,230.2,21592,5073,93.79669852,22.03735882,0.0,0.655016525,0.27804373600000004,-0.740649427,0.267324535,0.403688015,1.216305246,1.883012675,2.235107574,21.0,56.0,5.0,5.0,0.0
117031332,Newtown - Camperdown - Darlington,328.1,27450,5079,83.66351722,15.48003657,0.030478513,1.400741883,0.280733092,-0.122048325,0.9143434420000001,0.664561002,2.693616497,1.20771827,4.027804241,41.0,55.0,14.0,7.0,1.0
117031333,Potts Point - Woolloomooloo,145.9,23809,8751,163.1871145,59.97943797,0.061686085999999994,0.937241366,1.926618692,-0.183908436,-0.5441440120000001,0.668417388,-0.072339032,-0.125332511,2.60516226,39.0,37.0,2.0,10.0,1.0
117031334,Pyrmont - Ultimo,149.1,24083,7599,161.5224681,50.96579477,0.0,0.9721216579999999,1.410262425,-0.740649427,-0.191912248,0.27816951100000004,-0.577534291,0.361593589,0.073780951,19.0,41.0,5.0,10.0,0.0
117031335,Redfern - Chippendale,216.3,25538,7230,118.0674988,33.425797499999994,0.060101710999999995,1.157343644,1.2448670590000002,0.063532005,-0.287761198,0.26433451,-0.20638117,1.622236444,2.644455356,29.0,51.0,2.0,9.0,2.0
117031336,Surry Hills,131.6,18064,5040,137.26443769999997,38.29787234,0.47872340399999996,0.205900946,0.26325228100000003,3.156537512,-0.287749674,0.438965569,-0.377905255,1.513036909,1.642764475,45.0,31.0,4.0,9.0,0.0
117031337,Sydney - Haymarket - The Rocks,429.3,31010,8963,72.23386909,20.87817377,0.002329373,1.853931073,2.0216425890000003,-0.678789317,-1.1086128640000001,0.018693859,-1.075219497,0.058129328,-0.732885496,17.0,183.0,29.0,14.0,7.0
117031338,Waterloo - Beaconsfield,358.1,37929,12544,105.9173415,35.02932142,0.0,2.734722085,3.62673963,-0.740649427,1.399715914,0.369367193,-0.523493985,-0.9530934040000001,0.682195873,4.0,87.0,2.0,13.0,0.0
118011339,Bondi - Tamarama - Bronte,249.6,20310,5913,81.37019231,23.68990385,0.008012821,0.49181749700000005,0.654553514,-0.616929207,-0.452884971,0.056851776,0.5977972220000001,0.562780948,3.244821291,8.0,57.0,0.0,0.0,0.0
118011340,Bondi Beach - North Bondi,246.1,22969,6486,93.33197887,26.35514019,0.0,0.830309085,0.91138697,-0.740649427,0.5521384570000001,0.227898762,-0.074228086,1.279585488,3.152901607,17.0,56.0,1.0,0.0,0.0
118011341,Bondi Junction - Waverly,252.3,18314,4379,72.58818866,17.35632184,0.027744748,0.23772603,-0.033025056000000004,-0.307628656,0.053013149,0.144037305,1.962620315,0.667824295,0.8905852259999999,8.0,84.0,1.0,0.0,1.0
118011342,Centennial Park,197.9,3,0,0.015159171,0.0,0.0,-2.093270389,-1.9958063869999998,-0.740649427,0.0,0.0,0.0,0.0,0.0,0.0,7.0,0.0,1.0,0.0
118011343,Double Bay - Bellevue Hill,471.4,27009,9187,57.29529062,19.48875689,0.004242681,1.344602436,2.1220451959999997,-0.616929207,-0.21429699,-0.124874939,1.634825425,-0.39973296399999997,0.555531514,3.0,118.0,1.0,3.0,1.0
118011344,Dover Heights,187.1,11583,3482,61.90807055,18.61036879,0.0,-0.61913252,-0.435083712,-0.740649427,-0.345198461,-0.187454275,0.938349654,0.53147499,0.7166694570000001,0.0,49.0,0.0,0.0,0.0
118011345,Paddington - Moore Park,372.5,16657,2815,44.71677852,7.55704698,0.048322147999999995,0.026789376,-0.734050405,0.37283255600000004,1.10851141,-0.0076208380000000004,0.524548675,0.364254057,2.88795315,9.0,52.0,3.0,1.0,0.0
118011346,Rose Bay - Vaucluse - Watsons Bay,513.6,12729,3668,24.7838785,7.141744547999999,0.0,-0.473246337,-0.35171369,-0.740649427,-0.254710705,-0.122680851,0.953264875,0.103761088,0.980928,0.0,99.0,0.0,1.0,0.0
118011347,Woollahra,128.1,8246,1960,64.3715847,15.30054645,0.601092896,-1.043933735,-1.117283571,4.0225790539999995,0.34239516,-0.267401765,1.7070918000000002,0.183628737,1.345426845,0.0,25.0,0.0,0.0,0.0
118021348,Coogee - Clovelly,383.6,27729,8467,72.28623566,22.07247132,0.007820647,1.436258676,1.7993225290000001,-0.555069096,-0.8425961809999999,-0.035596449,1.215327421,1.594971968,2.343344381,7.0,91.0,0.0,0.0,0.0
118021350,Malabar - La Perouse - Chifley,1182.5,26095,5879,22.06765328,4.97167019,0.0,1.22824993,0.639313833,-0.740649427,-1.193206985,0.051903315,-0.080870883,0.390783039,0.416132391,0.0,130.0,0.0,0.0,0.0
118021564,Kensington (NSW),264.2,16291,4270,61.66161998,16.16199849,0.034065102,-0.019802546,-0.081881682,-0.183908436,-0.433946069,0.326892109,1.601911237,1.705744067,1.740013298,6.0,35.0,0.0,0.0,0.0
118021565,Kingsford,201.4,16860,4741,83.71400199,23.54021847,0.024826216,0.052631344000000004,0.129232729,-0.431348876,0.521975871,0.635598875,1.579151715,0.637755415,0.854413784,3.0,43.0,0.0,0.0,0.0
118021566,Maroubra - North,181.1,10437,2752,57.63114301,15.196024300000001,0.011043622,-0.765018703,-0.762288638,-0.616929207,-0.711389078,-0.291782028,1.7657211830000001,-0.824426474,0.319579006,0.0,37.0,0.0,0.0,0.0
118021567,Maroubra - South,206.5,11314,3254,54.78934625,15.75786925,0.00968523,-0.653376309,-0.537279223,-0.616929207,-0.156083838,0.081125558,0.8340483329999999,0.180045992,1.504197684,0.0,58.0,0.0,0.0,0.0
118021568,Maroubra - West,204.6,10999,2932,53.75855327,14.33040078,0.009775171,-0.693475915,-0.6816079709999999,-0.616929207,-0.653621157,0.574126654,0.655417055,0.888405813,0.273481157,2.0,33.0,0.0,0.0,0.0
118021569,Randwick - North,193.6,18020,5623,93.07851240000001,29.04442149,0.108471074,0.20029973199999998,0.524567996,0.558412886,-1.085452391,-0.17363245300000002,0.957329075,0.75218277,1.048057992,7.0,60.0,0.0,0.0,0.0
118021570,Randwick - South,337.3,14238,3922,42.211681,11.62763119,0.062259117,-0.281150132,-0.237864305,0.558412886,-0.36993952700000005,0.377377678,4.437931054,1.1544196820000001,1.0084635990000002,7.0,57.0,0.0,0.0,0.0
119011354,Bass Hill - Georges Hall,891.6,23154,5539,25.96904441,6.212427097000001,0.0,0.853859647,0.486917018,-0.740649427,0.912429721,0.19520876899999998,-0.410914868,-0.38924046700000003,-0.614668708,0.0,168.0,0.0,0.0,0.0
119011355,Chullora,405.0,1225,185,3.024691358,0.456790123,0.0,-1.937709381,-1.91288459,-0.740649427,3.904320639,-0.321073047,-1.662244651,-1.2915144090000001,-1.4047686519999998,0.0,22.0,0.0,0.0,0.0
119011356,Condell Park,1000.4,12180,2196,12.17512995,2.195121951,0.0,-0.54313422,-1.011502253,-0.740649427,1.241522018,-0.284086118,-1.177649588,-1.093361069,-0.972630758,0.0,123.0,0.0,0.0,0.0
119011357,Greenacre - Mount Lewis,698.2,27588,5118,39.51303351,7.3302778570000005,0.0,1.418309329,0.298213903,-0.740649427,0.911097403,-0.157024981,-0.320971862,-1.047162555,-1.023378815,0.0,170.0,0.0,0.0,0.0
119011358,Padstow,650.9,17217,4230,26.45106775,6.498694116,0.0,0.098077563,-0.099810719,-0.740649427,0.340142894,-0.170374678,-0.479100663,-0.209670364,-0.414657393,0.0,94.0,0.0,0.0,2.0
119011359,Panania - Milperra - Picnic Point,1439.1,26873,6720,18.67347648,4.669585157,0.0,1.32728959,1.016271836,-0.740649427,-0.508038585,-0.101120685,-0.139130975,-0.619715096,0.174229825,0.0,141.0,0.0,0.0,1.0
119011360,Revesby,509.3,17066,3770,33.50873748,7.402316906,0.0,0.078855213,-0.305994645,-0.740649427,0.795405018,-0.197658156,0.205026657,-0.21861702800000002,0.003619866,0.0,109.0,0.0,0.0,1.0
119011361,Yagoona - Birrong,556.0,21834,5129,39.26978417,9.224820144,0.0,0.6858232059999999,0.303144388,-0.740649427,1.3594180569999998,-0.203889125,-0.47076903299999995,-0.20782968100000002,-1.032218483,0.0,125.0,0.0,0.0,2.0
119011571,Bankstown - North,274.1,17318,4557,63.18132069,16.62531923,0.0,0.11093489699999999,0.046759157999999995,-0.740649427,0.41736443,-0.1487111,1.107351465,0.276817523,-1.172267853,0.0,63.0,0.0,0.0,1.0
119011572,Bankstown - South,442.3,16956,3942,38.33597106,8.912502826,0.0,0.064852176,-0.22889978600000002,-0.740649427,1.290470374,-0.028855357999999998,-0.226606552,-0.651769809,-0.873730289,0.0,81.0,0.0,0.0,0.0
119021362,Belmore - Belfield,451.4,20127,5359,44.587948600000004,11.87195392,0.0,0.468521536,0.406236351,-0.740649427,0.818319838,0.040742505,-0.75437969,-1.053936178,-0.080136399,0.0,92.0,0.0,0.0,1.0
119021363,Canterbury (South) - Campsie,477.8,32907,8806,68.87191293,18.43030557,0.0,2.095419807,1.9512711180000002,-0.740649427,0.9499818870000001,0.044227833,-0.119683996,-0.83521633,-0.960526055,0.0,88.0,0.0,0.0,1.0
119021364,Kingsgrove (North) - Earlwood,820.2,25211,7047,30.73762497,8.591806876,0.0,1.115716435,1.162841714,-0.740649427,-0.053938531,-0.108668012,-0.493796894,-0.373781839,0.017073174,0.0,129.0,0.0,0.0,1.0
119021366,Punchbowl,524.6,21935,4809,41.81280976,9.166984369,0.0,0.69868054,0.159712092,-0.740649427,0.394972769,-0.18933609899999998,-0.829337168,-1.148087886,-1.063862081,0.0,119.0,0.0,0.0,1.0
119021367,Roselands,364.6,14301,3581,39.22380691,9.821722436,0.0,-0.273130211,-0.390709345,-0.740649427,0.9312837070000001,-0.022041228,-1.149943091,-0.960795724,-0.226973798,0.0,101.0,0.0,0.0,0.0
119021573,Lakemba,218.7,18292,4685,83.63968907,21.42203932,0.0,0.234925422,0.10413207699999999,-0.740649427,-0.05095309,-0.204945992,-0.381733923,-0.326622398,-1.222685291,0.0,60.0,0.0,0.0,1.0
119021574,Wiley Park,139.3,11030,2936,79.18162240000001,21.07681263,0.0,-0.6895296040000001,-0.679815068,-0.740649427,0.031212375,-0.486192701,-0.778084439,-1.0977261459999998,-1.4047686519999998,0.0,25.0,0.0,0.0,1.0
119031368,Hurstville,364.0,25742,6691,70.71978022,18.38186813,0.0,1.183312912,1.003273285,-0.740649427,1.778380627,0.29807857,0.287537461,-0.263270774,-0.9453814209999999,0.0,122.0,0.0,0.0,1.0
119031369,Mortdale - Penshurst,611.6,25195,7066,41.19522564,11.55330281,0.0,1.113679629,1.171358007,-0.740649427,0.061114727,0.189242755,0.433132355,-0.391092292,-0.728196739,0.0,116.0,0.0,0.0,1.0
119031370,Narwee - Beverly Hills,339.1,14587,3756,43.0168092,11.07637865,0.0,-0.23672231600000002,-0.312269808,-0.740649427,0.803330398,0.338155005,0.11393971800000001,-0.06575284,-0.39685885200000004,0.0,79.0,0.0,0.0,2.0
119031371,Oatley - Hurstville Grove,435.5,13401,3828,30.77152698,8.78989667,0.0,-0.38770051200000005,-0.279997542,-0.740649427,0.32081473,-0.17475079300000002,0.623111939,0.580558481,-0.105193295,0.0,51.0,0.0,0.0,2.0
119031372,Peakhurst - Lugarno,743.1,19093,4893,25.69371552,6.584578119,0.0,0.33689299,0.19736307,-0.740649427,-0.20839453300000002,-0.304036108,-0.818689155,-0.794598632,-0.434771056,0.0,143.0,0.0,0.0,0.0
119031373,Riverwood,277.3,11999,3620,43.27082582,13.05445366,0.0,-0.566175581,-0.373228534,-0.740649427,0.7343511070000001,0.616866668,-0.024238792999999998,1.117515942,-0.909160505,0.0,71.0,0.0,0.0,1.0
119031374,South Hurstville - Blakehurst,624.9,25433,6836,40.69931189,10.939350300000001,0.0,1.1439771090000002,1.068266044,-0.740649427,-0.522084911,-0.043805277999999996,0.687924909,-0.812224229,-0.599515506,0.0,122.0,0.0,0.0,0.0
119041375,Arncliffe - Bardwell Valley,499.3,24873,6611,49.81574204,13.24053675,0.0,1.072688922,0.9674152109999999,-0.740649427,0.476819675,0.059119883,-0.695288173,-0.310040163,-0.46807108399999997,0.0,62.0,0.0,0.0,3.0
119041376,Bexley,527.8,28200,6726,53.42932929,12.74346343,0.0,1.4962171340000001,1.0189611920000001,-0.740649427,0.217785772,-0.155357129,-0.27803911600000003,-0.614200795,-0.46252427,0.0,147.0,0.0,0.0,0.0
119041377,Kingsgrove (South) - Bardwell Park,378.7,13463,3869,35.55056773,10.21653024,0.0,-0.379807891,-0.261620279,-0.740649427,0.679108994,0.27191872899999997,0.360267516,-0.10657358800000001,0.079463838,0.0,124.0,0.0,0.0,2.0
119041378,Kogarah,222.0,12226,3571,55.07207207,16.08558559,0.0,-0.537278405,-0.395191605,-0.740649427,-0.169594368,0.106478188,3.3634748169999997,-0.6944872790000001,-0.31850422,0.0,45.0,0.0,0.0,1.0
119041379,Kogarah Bay - Carlton - Allawah,350.3,16943,5239,48.3671139,14.95575221,0.0,0.063197272,0.35244924,-0.740649427,-0.635118171,-0.004659799,-0.302934687,0.274836397,0.05885989,0.0,69.0,0.0,0.0,2.0
119041380,Monterey - Brighton-le-Sands - Kyeemagh,338.0,14936,4649,44.18934911,13.75443787,0.0,-0.19229449899999998,0.087995944,-0.740649427,-0.198866769,0.125148305,-0.165842338,0.221882357,-0.396341217,0.0,70.0,0.0,0.0,0.0
119041381,Rockdale - Banksia,357.6,21722,6090,60.74384787,17.03020134,0.0,0.6715655690000001,0.733889503,-0.740649427,1.564732335,0.20659643800000002,-0.612689158,-0.7320561179999999,-0.29341928,0.0,79.0,0.0,0.0,2.0
119041382,Sans Souci - Ramsgate,461.2,17093,4656,37.06201214,10.095403300000001,0.0,0.082292322,0.091133525,-0.740649427,0.150661034,0.294923693,-0.103867772,0.364254057,0.269392851,0.0,96.0,0.0,0.0,0.0
120011383,Concord - Mortlake - Cabarita,631.9,23069,6812,36.50735876,10.78018674,0.0,0.8430391190000001,1.057508622,-0.740649427,-0.423087502,0.064772204,0.948072338,0.647830779,-0.22411312600000002,0.0,105.0,0.0,0.0,0.0
120011384,Concord West - North Strathfield,510.3,26782,8367,52.48285322,16.39623751,0.0,1.31570526,1.7544999369999998,-0.740649427,-0.064202677,0.525267578,0.16067203300000002,-0.07502910900000001,-0.463777748,0.0,76.0,0.0,0.0,3.0
120011385,Drummoyne - Rodd Point,370.5,19385,6163,52.32118758,16.634278,0.0,0.374064688,0.7666099959999999,-0.740649427,0.320966617,0.07550510099999999,1.115922549,-0.24490979300000001,0.210110673,1.0,68.0,0.0,0.0,0.0
120011386,Five Dock - Abbotsford,462.0,21692,6800,46.95238095,14.71861472,0.0,0.667746559,1.052129911,-0.740649427,0.30827652899999997,0.007191991,0.8936668870000001,0.131119431,0.039736307,0.0,100.0,0.0,0.0,0.0
120021387,Balmain,258.2,16863,2494,65.30983734,9.659178931,0.0464756,0.053013245,-0.8779309270000001,0.001671895,-0.930218465,0.06322098,1.307035346,0.137192015,2.16115843,8.0,39.0,1.0,0.0,0.0
120021388,Leichhardt - Annandale,447.2,28402,4530,63.51073345,10.12969589,0.031305902999999996,1.521931801,0.034657058,0.125392115,0.434903385,0.187705934,1.036699443,0.45576631700000003,3.1468254489999996,14.0,72.0,2.0,3.0,0.0
120021389,Lilyfield - Rozelle,360.4,15152,2835,42.04217536,7.8662597110000005,0.0,-0.164797627,-0.7250858859999999,-0.740649427,-0.162955718,0.011757173000000001,0.469861727,1.339233818,1.527281764,6.0,47.0,1.0,0.0,0.0
120031390,Ashfield,367.0,26125,7870,71.18528609999998,21.44414169,0.016348774,1.23206894,1.5317316509999999,-0.369488766,0.677552535,0.36449275700000006,0.34228218899999996,0.9899119190000001,-0.26438627,4.0,101.0,0.0,0.0,1.0
120031391,Burwood - Croydon,449.3,26524,7053,59.03405297,15.69775206,0.0,1.2828617740000001,1.16553107,-0.740649427,1.011174491,0.249886739,1.009525469,0.5308644020000001,-0.70537723,0.0,92.0,0.0,1.0,2.0
120031392,Canterbury (North) - Ashbury,302.8,11425,3293,37.73117569,10.87516513,0.0,-0.639245972,-0.519798412,-0.740649427,-0.881243835,-0.012134533000000001,-0.110002874,-0.322082488,1.271933576,0.0,58.0,0.0,0.0,2.0
120031393,Croydon Park - Enfield,397.1,17929,4264,45.14983631,10.73784941,0.0,0.188715401,-0.084571038,-0.740649427,0.335272367,0.156054385,-0.45498051799999994,-0.6972304009999999,-0.727013921,0.0,61.0,0.0,0.0,0.0
120031394,Dulwich Hill - Lewisham,270.2,17904,5772,66.26202813,21.36195411,0.007401925,0.185532893,0.591353659,-0.616929207,0.390162223,0.08010824700000001,0.253097611,0.963310702,1.1717610809999999,3.0,52.0,0.0,0.0,2.0
120031395,Haberfield - Summer Hill,347.5,14231,4200,40.95251799,12.08633094,0.014388488999999999,-0.282041235,-0.113257497,-0.431348876,-0.318468558,0.296294308,1.429686201,0.38171709,1.4357317719999998,3.0,69.0,0.0,0.0,1.0
120031396,Homebush,384.3,17810,4806,46.34400208,12.505854800000002,0.0,0.173566661,0.158367414,-0.740649427,1.732467644,0.167404675,-0.618394042,-0.9039743259999999,-0.808268014,0.0,46.0,0.0,0.0,2.0
120031575,Strathfield,645.2,26813,7382,41.55765654,11.44141352,0.0,1.31965157,1.3129973999999998,-0.740649427,-0.463617128,0.050901315999999995,2.962905675,-0.016455172,-1.16704018,0.0,153.0,0.0,0.0,1.0
120031576,Strathfield South,251.1,3775,963,15.03385106,3.8351254480000003,0.0,-1.6130935290000001,-1.56416482,-0.740649427,0.088979871,-0.056670382000000005,-0.730800938,-0.122302712,-0.48377790299999995,0.0,24.0,0.0,0.0,0.0
121011398,Chatswood (East) - Artarmon,506.8,30778,9711,60.73007103,19.16140489,0.01578532,1.824397395,2.356915581,-0.245768546,-0.317332691,0.11995765300000001,1.126541803,0.236960681,-0.457581749,10.0,95.0,0.0,0.0,2.0
121011399,Chatswood (West) - Lane Cove North,553.7,22776,7327,41.13418819,13.23279754,0.0,0.8057401209999999,1.2883449740000001,-0.740649427,-0.8123641140000001,-0.309767323,0.676886082,0.5698161039999999,0.36596169799999995,1.0,106.0,0.0,0.0,0.0
121011400,Lane Cove - Greenwich,905.6,28619,9026,31.60225265,9.966872792,0.00110424,1.549555974,2.049880822,-0.678789317,-0.679724652,-0.20281608399999998,1.9520375719999998,0.397297336,0.697104246,1.0,191.0,0.0,0.0,0.0
121011401,St Leonards - Naremburn,276.1,11400,3898,41.289387899999994,14.11807316,0.007243751999999999,-0.642428481,-0.248621727,-0.616929207,-1.1260303440000001,-0.114997711,0.5635617470000001,0.597880878,-0.11991734300000001,2.0,26.0,1.0,0.0,1.0
121011402,Willoughby - Castle Cove - Northbridge,1075.2,26858,7672,24.97953869,7.135416667,0.0,1.325380085,1.4429829180000002,-0.740649427,-0.726353512,-0.109837448,0.5044836570000001,0.321166208,0.305658506,0.0,144.0,0.0,0.0,0.0
121021403,Asquith - Mount Colah,3468.5,19107,5524,5.508721349,1.592619288,0.0,0.338675195,0.480193629,-0.740649427,-0.506748071,-0.326566654,-0.537785234,1.1142834640000001,-0.0043747709999999995,0.0,188.0,0.0,0.0,3.0
121021404,Berowra - Brooklyn - Cowan,8175.5,12081,3642,1.477707785,0.445477341,0.0,-0.5557369529999999,-0.363367564,-0.740649427,-0.409523232,-0.263749555,-0.524181765,0.6909744440000001,1.333726814,0.0,104.0,0.0,0.0,1.0
121021406,Normanhurst - Thornleigh - Westleigh,998.8,19161,5167,19.18402082,5.173207849,0.0,0.34554941299999997,0.32017697300000003,-0.740649427,-0.310880058,-0.359272825,-0.018661761000000002,0.23259887199999998,-0.613773106,0.0,162.0,0.0,0.0,2.0
121021577,Hornsby - East,256.9,12568,4444,48.92175944,17.29855975,0.0,-0.49374169,-0.0038903709999999997,-0.740649427,1.010137228,0.01460338,0.965754856,1.998789734,-0.87578935,0.0,39.0,0.0,0.0,1.0
121021578,Hornsby - West,629.0,11215,3271,17.82988871,5.200317965,0.0,-0.665979043,-0.5296593820000001,-0.740649427,-0.441395011,0.15825024199999999,-0.066086702,2.519090181,-0.181673996,0.0,82.0,0.0,0.0,0.0
121021579,Waitara - Wahroonga (West),211.2,10394,3217,49.21401515,15.23200758,0.0,-0.770492617,-0.5538635820000001,-0.740649427,-0.018473181,-0.09440355,0.104925752,-0.282369673,-0.039535306,0.0,40.0,0.0,0.0,1.0
121031407,Gordon - Killara,1167.1,22735,6810,19.47990746,5.83497558,0.0,0.8005208070000001,1.05661217,-0.740649427,-0.323865842,-0.10104266,2.0542234230000003,0.02789563,-0.617140238,0.0,92.0,0.0,0.0,2.0
121031408,Lindfield - Roseville,1187.7,24556,7422,20.67525469,6.249052791,0.0,1.032334716,1.330926437,-0.740649427,-0.299973455,-0.021122689,1.7762937630000002,0.213729173,-0.157331629,0.0,170.0,0.0,0.0,2.0
121031409,Pymble,1025.1,17217,4975,16.79543459,4.853185055,0.0,0.098077563,0.234117596,-0.740649427,-1.181194164,-0.335268878,1.67167804,1.139653648,0.08503831199999999,0.0,124.0,0.0,0.0,1.0
121031410,St Ives,1777.8,21926,6225,12.33322083,3.5015187310000004,0.0,0.6975348370000001,0.794400003,-0.740649427,0.276209582,-0.29397078600000004,1.008923637,2.348618628,-0.031079684,0.0,130.0,0.0,0.0,0.0
121031411,Turramurra,2064.3,19956,6095,9.667199535,2.952574723,0.0,0.446753179,0.7361306329999999,-0.740649427,-0.342500056,-0.28273415,1.057991251,1.6326031859999999,0.473943376,0.0,141.0,0.0,0.0,1.0
121031412,Wahroonga (East) - Warrawee,1332.7,18797,5395,14.10444961,4.048172882,0.0,0.299212091,0.422372484,-0.740649427,-1.1105846000000001,-0.20837598699999998,2.452341737,0.24583639399999999,-0.32187561800000003,0.0,114.0,0.0,0.0,2.0
121041413,Cremorne - Cammeray,323.9,20508,7190,63.31583822,22.19820932,0.009262118,0.517022963,1.2269380220000001,-0.555069096,-1.672266082,-0.166587299,0.9032409259999999,0.7203415320000001,0.917940882,3.0,63.0,0.0,0.0,0.0
121041414,Crows Nest - Waverton,296.1,19347,6259,65.33941236,21.13812901,0.003377237,0.369227275,0.809639685,-0.678789317,-0.683227437,0.125778883,0.752099327,0.763401138,0.632619808,6.0,66.0,0.0,0.0,2.0
121041415,Mosman,865.0,30465,9651,35.21965318,11.15722543,0.003468208,1.7845523909999998,2.330022026,-0.555069096,-0.880910812,-0.146458123,1.059510973,0.582991625,0.646293216,3.0,199.0,0.0,0.0,0.0
121041416,Neutral Bay - Kirribilli,221.1,19205,7298,86.8611488,33.00768883,0.058796924,0.35115062799999996,1.275346422,0.063532005,-0.44076932799999996,0.052771572,0.35778878,0.855108955,0.8408838609999999,19.0,50.0,0.0,0.0,0.0
121041417,North Sydney - Lavender Bay,191.4,11819,4079,61.75026123,21.31138976,0.041797283,-0.589089641,-0.167492834,-0.245768546,-1.663015666,-0.159074976,-0.704200235,-0.15741670800000002,-0.244915868,21.0,60.0,3.0,0.0,2.0
122011418,Balgowlah - Clontarf - Seaforth,761.0,21485,5771,28.232588699999997,7.583442838,0.0,0.64139539,0.590905433,-0.740649427,-0.734908978,0.012043298000000001,0.21366739399999998,0.326887873,0.7364908490000001,0.0,141.0,0.0,0.0,0.0
122011419,Manly - Fairlight,673.5,24022,7572,35.66740906,11.24276169,0.0044543429999999995,0.964356337,1.398160325,-0.555069096,-0.332379363,0.160999687,0.21500289600000003,0.876717876,0.639339616,10.0,101.0,0.0,0.0,0.0
122021420,Avalon - Palm Beach,860.6,13134,4120,15.261445499999999,4.787357657,0.0,-0.42168970100000003,-0.149115571,-0.740649427,-0.479221668,-0.205008899,-0.457647649,0.059956866,0.7428666509999999,0.0,108.0,0.0,0.0,0.0
122021421,Bayview - Elanora Heights,6458.3,11357,3225,1.758512302,0.499357416,0.0,-0.647902395,-0.550277775,-0.740649427,-0.961297381,-0.285315119,-1.0342486690000001,0.45894240299999994,0.877168139,1.0,80.0,0.0,0.0,0.0
122021422,Newport - Bilgola,579.8,13935,4377,24.03414971,7.549154881000001,0.0,-0.319722134,-0.033921507999999996,-0.740649427,-0.128716725,-0.18354832699999998,-0.278955537,1.534774699,0.513487,0.0,60.0,0.0,1.0,0.0
122021423,Warriewood - Mona Vale,1166.3,25557,6623,21.91288691,5.678641859,0.0,1.15976235,0.972793922,-0.740649427,-0.078163002,-0.141372807,-0.160530338,-0.149953337,0.106055866,0.0,145.0,0.0,0.0,0.0
122031424,Beacon Hill - Narraweena,434.1,14623,3919,33.68578669,9.027873762,0.0,-0.232139504,-0.239208982,-0.740649427,-0.178591379,-0.150692404,-0.620606372,-0.13174291400000002,0.062426325,0.0,58.0,0.0,0.0,0.0
122031425,Cromer,749.2,7855,2247,10.48451682,2.999199146,0.0,-1.093708165,-0.9886427309999999,-0.740649427,-0.882670065,-0.399694317,-1.098723898,1.024049182,-0.617419539,0.0,56.0,0.0,0.0,0.0
122031426,Dee Why - North Curl Curl,407.3,26829,9303,65.87036582,22.84065799,0.0,1.321688375,2.174039403,-0.740649427,-0.39215172,0.035752162999999997,0.424056482,1.3903930869999999,0.47935017700000004,0.0,79.0,0.0,0.0,0.0
122031427,Forestville - Killarney Heights,893.1,13405,3869,15.00951741,4.332101668,0.0,-0.38719131100000004,-0.261620279,-0.740649427,-0.19668997600000002,-0.102774462,-0.05540891,0.7504019259999999,0.210796105,0.0,46.0,0.0,0.0,0.0
122031428,Frenchs Forest - Belrose,3013.2,26523,7090,8.802270012000001,2.35298022,0.0,1.2827344729999999,1.182115429,-0.740649427,-0.821936015,-0.271503326,-0.621191749,1.0262953890000002,-0.26135817,0.0,159.0,0.0,0.0,0.0
122031429,Freshwater - Brookvale,718.4,22725,7079,31.6327951,9.853841871,0.0,0.7992478040000001,1.177184944,-0.740649427,0.5038423679999999,-0.23276159100000002,-0.7051625579999999,1.385859287,0.388141626,0.0,147.0,0.0,0.0,0.0
122031430,Manly Vale - Allambie Heights,935.4,17831,5319,19.06243318,5.686337396,0.0,0.176239968,0.38830731399999996,-0.740649427,-0.67351731,-0.21270213100000002,-0.039632377999999996,2.231114226,-0.010836707,0.0,87.0,0.0,0.0,0.0
122031431,Narrabeen - Collaroy,716.2,26301,8126,36.72298241,11.34599274,0.0,1.2544737990000001,1.646477489,-0.740649427,-0.522879456,-0.17965547,-0.534516798,0.563138548,0.31262401,0.0,98.0,0.0,0.0,0.0
122031432,Terrey Hills - Duffys Forest,7054.4,3796,1026,0.5381038779999999,0.145441143,0.0,-1.610420222,-1.535926586,-0.740649427,-0.207399848,0.221550547,-0.653187645,0.079365408,0.026429155,0.0,54.0,0.0,0.0,0.0
123011433,Camden - Ellis Lane,2619.3,13399,3795,5.115488871,1.4488603830000002,0.0,-0.38795511299999996,-0.294788997,-0.740649427,-0.104877468,0.033572303,0.593727158,0.037537383,-0.23924398100000002,0.0,76.0,0.0,0.0,0.0
123011434,Elderslie - Harrington Park,2154.1,22914,6094,10.63738916,2.829023722,0.0,0.8233075670000001,0.735682407,-0.740649427,-0.311640611,-0.147348519,-0.43822367100000004,0.24494807,0.255907861,0.0,109.0,0.0,0.0,0.0
123011435,Mount Annan - Currans Hill,2613.4,30374,8224,11.62240759,3.146858499,0.0,1.77296806,1.690403629,-0.740649427,-0.414020193,-0.268862996,-0.771437548,-0.599612287,0.148388544,0.0,144.0,0.0,0.0,0.0
123021436,Bradbury - Wedderburn,3665.6,19620,5402,5.352466172,1.47370144,0.0,0.40398026600000003,0.425510066,-0.740649427,-0.472182946,-0.333440654,-0.244341146,0.9496081009999999,0.625242317,0.0,117.0,0.0,0.0,0.0
123021437,Campbelltown - Woodbine,1374.8,19339,5360,14.06677335,3.8987489089999996,0.0,0.368208872,0.40668457700000005,-0.740649427,2.58393622,0.297164613,2.173979118,0.118917464,-0.19227165699999998,0.0,169.0,0.0,0.0,2.0
123021438,Claymore - Eagle Vale - Raby,2291.7,20971,5204,9.150848715,2.270803334,0.0,0.5759630179999999,0.336761333,-0.740649427,-0.8607615940000001,-0.43247749,-0.813830927,0.26456619800000003,-0.470288644,0.0,102.0,0.0,0.0,0.0
123021439,Holsworthy Military Area,12982.3,0,0,0.0,0.0,0.0,-2.09365229,-1.9958063869999998,-0.740649427,0.0,0.0,0.0,0.0,0.0,0.0,0.0,0.0,0.0,0.0
123021440,Ingleburn - Denham Court,3091.9,21757,4580,7.036773505,1.481289822,0.0,0.67602108,0.057068355,-0.740649427,-0.070914645,-0.287684423,-0.610366373,-1.1068978040000002,-0.70528438,0.0,121.0,0.0,0.0,2.0
123021441,Leumeah - Minto Heights,2364.6,17032,4994,7.202909582999999,2.111985114,0.0,0.074527001,0.24263388800000002,-0.740649427,-0.29110012,-0.18471270399999998,-0.389063712,1.359781418,0.298052897,0.0,103.0,0.0,0.0,1.0
123021442,Macquarie Fields - Glenfield,1601.8,24556,5273,15.33025346,3.291921588,0.0,1.032334716,0.36768892200000003,-0.740649427,-0.251749078,-0.07970356099999999,-0.36202501200000003,0.08314453,-0.598440812,0.0,138.0,0.0,0.0,1.0
123021443,Minto - St Andrews,1241.3,21039,5322,16.949166199999997,4.287440586000001,0.0,0.584619441,0.389651992,-0.740649427,0.623031746,-0.215804291,-0.785427195,-0.44115133700000003,-0.697283416,0.0,103.0,0.0,0.0,1.0
123021444,Rosemeadow - Glen Alpine,4808.3,21497,5712,4.47081089,1.1879458440000001,0.0,0.642922994,0.5644601029999999,-0.740649427,-0.39150834100000004,-0.149582296,-0.21292984199999998,-0.8513029240000001,-0.057112664,0.0,100.0,0.0,0.0,0.0
123031445,Bargo,6777.1,5907,1704,0.871611751,0.25143498,0.0,-1.341689216,-1.2320294090000001,-0.740649427,-0.247791448,-0.385736102,-1.133109078,-1.255605314,0.008100898,0.0,29.0,0.0,0.0,0.0
123031446,Douglas Park - Appin,28994.6,10468,2752,0.36103274399999996,0.094914225,0.0,-0.761072392,-0.762288638,-0.740649427,-0.6628002620000001,-0.420770583,-0.9330751270000001,-0.181337577,1.2235412190000001,0.0,77.0,0.0,0.0,0.0
123031447,Picton - Tahmoor - Buxton,18990.8,17440,5109,0.918339406,0.269025002,0.0,0.12646553800000002,0.29417987,-0.740649427,-0.6021757520000001,-0.144449647,-0.722255161,0.166997259,-0.371320085,0.0,121.0,0.0,0.0,0.0
123031448,The Oaks - Oakdale,32273.5,9389,2631,0.290919795,0.081521992,0.0,-0.898429453,-0.816523975,-0.740649427,-0.836269127,-0.404472296,-1.259902388,-1.068132864,0.7827431690000001,0.0,110.0,0.0,0.0,0.0
124011449,Blackheath - Megalong Valley,13921.7,5654,2302,0.406128562,0.165353369,0.0,-1.373896201,-0.963990305,-0.740649427,3.16897945,1.110237712,0.141117376,0.152251605,1.677039854,0.0,90.0,0.0,0.0,0.0
124011450,Blaxland - Warrimoo - Lapstone,2969.4,19401,6200,6.53364316,2.087963898,0.0,0.37610149299999995,0.783194355,-0.740649427,-0.068237496,-0.118838685,0.788584196,1.599886161,-0.162715929,0.0,149.0,0.0,0.0,0.0
124011451,Blue Mountains - North,59503.7,13,6,0.00021847400000000002,0.00010083399999999999,0.000369725,-2.091997386,-1.993117031,0.620272996,-3.36145701,-0.698134239,-1.948574115,-2.2992133790000002,-1.4047686519999998,0.0,2.0,0.0,0.0,0.0
124011452,Katoomba - Leura,4087.3,13718,5053,3.356249847,1.236268441,0.0,-0.347346306,0.269079218,-0.740649427,1.358922613,1.100545163,0.346998311,1.336321268,2.332230708,0.0,183.0,0.0,0.0,0.0
124011453,Lawson - Hazelbrook - Linden,4688.7,11473,4106,2.446946915,0.875722482,0.0,-0.633135556,-0.155390734,-0.740649427,0.0046003829999999996,-0.247839654,0.188555912,1.461460948,1.989444445,0.0,93.0,0.0,0.0,0.0
124011454,Springwood - Winmalee,6966.5,22107,7083,3.173329505,1.0167228879999999,0.0,0.7205761970000001,1.178977848,-0.740649427,0.388814072,-0.047842210999999996,0.21768160000000003,1.307770689,1.406798908,0.0,213.0,0.0,0.0,0.0
124011455,Wentworth Falls,2103.6,6264,2297,2.9777524239999997,1.091937631,0.0,-1.296242997,-0.9662314340000001,-0.740649427,1.2877232,0.454292221,1.333124494,1.3672969590000001,-0.163809286,0.0,58.0,0.0,0.0,0.0
124021456,Blue Mountains - South,245690.9,4,3,1.63e-05,1.22e-05,0.0,-2.0931430890000002,-1.994461709,-0.740649427,0.0,0.0,0.0,0.0,0.0,0.0,0.0,0.0,0.0,0.0
124031457,Cambridge Park,658.7,15976,4898,24.25383331,7.435858509,0.0,-0.059902150999999994,0.19960419899999998,-0.740649427,0.31027254600000004,-0.070876566,-0.984590124,0.361661244,-0.684293435,0.0,99.0,0.0,0.0,0.0
124031458,Castlereagh - Cranebrook,7151.7,25698,6709,3.59327153,0.938098634,0.0,1.1777116970000001,1.011341351,-0.740649427,-1.295801222,-0.31264934,-1.287579502,-0.19448042399999999,-0.130012946,0.0,143.0,0.0,0.0,0.0
124031459,Emu Plains - Leonay,1379.4,14546,4419,10.54516456,3.203566768,0.0,-0.241941629,-0.015096018999999999,-0.740649427,-0.6148247170000001,-0.388114379,-0.509895129,0.462554919,-0.262305864,0.0,127.0,0.0,0.0,1.0
124031460,Glenmore Park - Regentville,923.3,21836,5949,23.64995126,6.443192895,0.0,0.686077807,0.670689648,-0.740649427,-1.3229095659999999,-0.23794144600000003,-0.055680842,0.433828447,0.167764634,0.0,114.0,0.0,0.0,0.0
124031461,Jamisontown - South Penrith,901.8,17666,5531,19.58970947,6.1332889779999995,0.0,0.15523541300000002,0.48333121,-0.740649427,0.316036249,-0.255372991,-0.9118951540000001,0.19882826,0.642187555,0.0,95.0,0.0,0.0,0.0
124031462,Kingswood - Werrington,1402.3,20855,4884,14.87199601,3.4828496039999997,0.0,0.561196179,0.193329036,-0.740649427,-0.084810516,-0.113689391,0.929260692,-0.021393832,-0.41355235799999995,0.0,144.0,0.0,0.0,2.0
124031463,Mulgoa - Luddenham - Orchard Hills,15867.8,10395,2655,0.655100266,0.167319981,0.0,-0.770365317,-0.805766553,-0.740649427,-1.295443842,-0.455458178,-0.768022379,-0.40759853,-0.490151541,0.0,72.0,0.0,0.0,0.0
124031464,Penrith,1039.4,14119,3808,13.58379835,3.663652107,0.0,-0.296298872,-0.28896206,-0.740649427,1.6031588890000001,0.16223136800000001,1.352496977,0.524529861,0.015155515,0.0,161.0,0.0,0.0,1.0
124031465,Warragamba - Silverdale,6361.4,5395,1562,0.848083755,0.24554343399999998,0.0,-1.4068669880000002,-1.29567749,-0.740649427,-0.6780868809999999,-0.32794844300000003,-1.373579487,-1.399827542,-0.390087865,0.0,52.0,0.0,0.0,0.0
124041466,Richmond - Clarendon,7467.3,14185,3956,1.899615658,0.529776492,0.0,-0.28789705,-0.222624623,-0.740649427,1.4157818519999998,0.183171484,-0.040657879,0.04230936,1.392314364,0.0,91.0,0.0,0.0,3.0
124041467,Windsor - Bligh Park,2273.0,15698,4299,6.906291245,1.89133304,0.0,-0.09529164400000001,-0.06888313,-0.740649427,-0.293142124,0.127458243,-0.195291744,-0.6786918909999999,0.11409430400000001,0.0,101.0,0.0,0.0,1.0
124041468,Yarramundi - Londonderry,8143.6,7732,1647,0.949457242,0.202244708,0.0,-1.109366107,-1.257578286,-0.740649427,-1.214596081,-0.39657793,-1.539657651,0.003391147,0.543568043,0.0,41.0,0.0,0.0,0.0
124051469,Erskine Park,839.4,6569,1880,7.825827972000001,2.23969502,0.0,-1.257416395,-1.153141646,-0.740649427,-0.753181194,-0.043904932,-0.623766148,-0.745050788,-0.615740756,0.0,42.0,0.0,0.0,0.0
124051470,St Clair,720.4,20358,5988,28.25930039,8.312048862000001,0.0,0.49792791299999994,0.6881704590000001,-0.740649427,-0.298812782,-0.310962574,-0.443537935,-0.656801808,-0.6265266270000001,0.0,82.0,0.0,1.0,0.0
124051580,Colyton - Oxley Park,465.2,12073,3148,25.95227859,6.766981942999999,0.0,-0.556755356,-0.584791171,-0.740649427,-0.032800255,-0.238927573,-1.076803158,-0.067879945,-0.649556238,0.0,77.0,0.0,0.0,0.0
124051581,St Marys - North St Marys,1286.5,16796,4406,13.05557715,3.4247959580000003,0.0,0.044484123,-0.020922956,-0.740649427,0.891694249,-0.171004312,-0.709589427,-1.516569584,-0.57225103,0.0,129.0,0.0,0.0,1.0
125011473,Homebush Bay - Silverwater,1126.2,21158,5729,18.78707157,5.087018292,0.0,0.59976818,0.572079944,-0.740649427,0.22867777,0.15136165599999998,-0.347725158,-0.129088593,-0.31244146899999997,0.0,93.0,0.0,1.0,1.0
125011475,Rookwood Cemetery,301.5,3,0,0.009950249,0.0,0.0,-2.093270389,-1.9958063869999998,-0.740649427,-3.36145701,-0.698134239,-1.948574115,-2.2992133790000002,-1.4047686519999998,0.0,28.0,0.0,0.0,0.0
125011582,Auburn - Central,373.3,18575,3892,49.75890705,10.42593089,0.0,0.27095141699999997,-0.251311082,-0.740649427,0.17702911100000002,0.005209131,0.130596211,-0.41952275,-1.041228005,0.0,72.0,0.0,0.0,1.0
125011583,Auburn - North,209.7,12390,3081,59.08440629,14.69241774,0.0,-0.51640115,-0.6148223079999999,-0.740649427,1.990426574,0.153903808,-1.215629389,-0.045854634000000005,-1.163926424,0.0,43.0,0.0,0.0,0.0
125011584,Auburn - South,243.1,9118,1787,37.50719868,7.35088441,0.0,-0.932927843,-1.1948266570000001,-0.740649427,-0.06785816900000001,-0.095546979,-0.546289851,-1.433396637,-1.053117638,0.0,36.0,0.0,0.0,0.0
125011585,Berala,208.7,9496,2341,45.50071874,11.21705798,0.0,-0.8848083170000001,-0.9465094940000001,-0.740649427,-0.7019632109999999,-0.23333274,-0.330854814,-0.688972757,-1.4047686519999998,0.0,37.0,0.0,0.0,1.0
125011586,Lidcombe,640.4,21764,4580,33.98500937,7.151780137,0.0,0.676912183,0.057068355,-0.740649427,0.772519928,0.229436293,0.027099186,-1.022794684,-0.72264131,0.0,90.0,1.0,0.0,1.0
125011587,Regents Park,203.3,5339,1504,26.26168224,7.3979340879999995,0.0,-1.413995806,-1.321674594,-0.740649427,1.450177755,-0.328362455,-0.42760609299999996,0.7203415320000001,-0.847318364,0.0,35.0,0.0,0.0,1.0
125021476,Carlingford,974.6,29386,7643,30.15185717,7.842191668,0.0,1.64719533,1.429984366,-0.740649427,-0.45335635,-0.071943331,1.004198481,0.459962373,-0.552109474,0.0,129.0,0.0,0.0,1.0
125021477,Ermington - Rydalmere,986.5,22869,4929,23.18195641,4.996452103,0.0,0.817579052,0.213499203,-0.740649427,0.983191178,0.093156885,-0.778431971,-0.592587807,-0.400210571,0.0,137.0,0.0,0.0,2.0
125021478,Oatlands - Dundas Valley,607.6,18791,4029,30.92659645,6.631007242000001,0.0,0.298448289,-0.18990413,-0.740649427,0.449035746,-0.062209793,-0.008339649000000001,1.039115787,-0.377601508,0.0,84.0,0.0,0.0,1.0
125031479,Chester Hill - Sefton,726.8,19565,4553,26.91937259,6.26444689,0.0,0.396978748,0.044966255,-0.740649427,1.092613283,-0.09192814699999999,-0.28871041,-1.3645457840000002,-1.053273512,0.0,154.0,0.0,0.0,3.0
125031480,Fairfield - East,571.2,16214,3976,28.38585434,6.960784314,0.0,-0.029604672000000002,-0.213660105,-0.740649427,1.149274771,-0.31856139899999997,-1.2002671999999999,-1.518896941,-0.9645948879999999,0.0,110.0,0.0,0.0,2.0
125031481,Granville - Clyde,560.8,22322,5301,39.80385164,9.45256776,0.0,0.7479457690000001,0.380239247,-0.740649427,0.766601565,-0.015966098,-0.823116305,-0.996999333,-0.8171091540000001,0.0,124.0,0.0,0.0,2.0
125031482,Greystanes - Pemulwuy,1184.9,27759,7339,23.42729344,6.193771626,0.0,1.440077686,1.293723685,-0.740649427,0.33705049600000003,-0.095135587,-0.715766701,-0.150521924,-0.5097020870000001,0.0,187.0,0.0,0.0,0.0
125031483,Guildford - South Granville,679.6,22367,4746,32.91200706,6.983519717,0.0,0.753674284,0.131473858,-0.740649427,0.446042826,-0.12021950099999999,0.22708991899999997,-0.9903306390000001,-0.8140997240000001,0.0,134.0,0.0,0.0,0.0
125031484,Guildford West - Merrylands West,546.5,21948,5274,40.161024700000006,9.650503202000001,0.0,0.700335444,0.36813714700000005,-0.740649427,0.042602673,-0.21461453600000002,-1.030646599,-0.555755213,-0.5717044,0.0,141.0,0.0,1.0,1.0
125031485,Merrylands - Holroyd,671.9,30577,7131,45.50826016,10.61318649,0.0,1.7988100280000001,1.200492692,-0.740649427,0.244267868,-0.037516072000000004,-0.233734737,-1.4584956690000002,-0.632425314,0.0,175.0,0.0,0.0,1.0
125031486,Smithfield Industrial,430.2,35,0,0.081357508,0.0,0.0,-2.089196779,-1.9958063869999998,-0.740649427,-0.97689296,-0.544332964,-1.948574115,-1.385802032,-1.4047686519999998,0.0,36.0,0.0,0.0,0.0
125031487,Yennora Industrial,207.9,23,3,0.110630111,0.014430014,0.0,-2.090724383,-1.994461709,-0.740649427,-1.828522978,-0.698134239,-1.4230088490000001,-2.2992133790000002,-1.4047686519999998,0.0,8.0,0.0,0.0,1.0
125041489,North Parramatta,706.1,23756,6700,33.64395978,9.488740972,0.0,0.9304944479999999,1.007307318,-0.740649427,0.198089231,-0.133476542,0.319038201,0.086894628,-0.61899851,1.0,94.0,0.0,0.0,0.0
125041490,North Rocks,537.6,8290,2283,15.4203869,4.246651786,0.0,-1.03833252,-0.9725065970000001,-0.740649427,1.240960497,-0.222583597,0.524309624,1.752972339,-0.282636999,0.0,58.0,0.0,0.0,0.0
125041491,Northmead,593.3,22066,6026,37.19197708,10.15675038,0.0,0.7153568840000001,0.7052030440000001,-0.740649427,0.019988138,0.025863867000000002,4.00741287,-1.084064711,-0.645488666,0.0,62.0,0.0,0.0,1.0
125041492,Parramatta - Rosehill,849.7,32712,9497,38.49829352,11.17688596,0.0,2.070596241,2.260995233,-0.740649427,0.340335139,0.31919427,-0.49022644600000004,-0.23389784600000002,-0.590981444,1.0,109.0,0.0,0.0,4.0
125041493,Toongabbie - Constitution Hill,748.0,22902,5689,30.61764706,7.605614973,0.0,0.821779963,0.554150907,-0.740649427,0.17495697100000002,-0.351294527,-0.041338634,-0.381423388,-0.611435011,0.0,104.0,0.0,0.0,3.0
125041494,Winston Hills,434.8,11207,3337,25.775069000000002,7.674793007999999,0.0,-0.666997445,-0.500076471,-0.740649427,-1.132078875,-0.07039718,0.14719848800000002,0.9789184559999999,0.5531894589999999,0.0,75.0,0.0,0.0,0.0
125041588,Pendle Hill - Girraween,446.2,13775,2765,30.87180636,6.196772748,0.0,-0.34009018700000004,-0.756461701,-0.740649427,1.529150484,-0.129721544,-0.8141453479999999,-0.09199244300000001,-0.965326682,0.0,68.0,0.0,0.0,0.0
125041589,Wentworthville - Westmead,393.6,16807,4138,42.70071138,10.51321138,0.0,0.045884426,-0.141047505,-0.740649427,1.727597,0.47804962,1.582524812,-0.228006837,-0.332626223,0.0,105.0,0.0,0.0,0.0
126011495,Epping - North Epping,888.1,28975,7994,32.62583042,9.001238599,0.0,1.594874893,1.587311666,-0.740649427,-0.312110175,-0.097492306,1.2416353709999999,1.849108594,-0.428050518,0.0,126.0,0.0,0.0,1.0
126011496,Pennant Hills - Cheltenham,1329.4,21462,6076,16.14412517,4.570482925,0.0,0.638467482,0.72761434,-0.740649427,-1.258720182,-0.11654034199999999,2.289276541,0.36750218799999995,-0.11538160300000001,0.0,102.0,0.0,0.0,3.0
126021497,Eastwood - Denistone,782.0,26634,6662,34.05882353,8.519181586,0.0,1.29686481,0.990274733,-0.740649427,0.7232513559999999,0.324198783,1.565208907,0.617506773,-0.719781782,0.0,147.0,0.0,0.0,2.0
126021498,Gladesville - Huntleys Point,471.6,15284,4634,32.40882103,9.826123834,0.0,-0.147993983,0.081272555,-0.740649427,-0.55083624,-0.067796371,0.507710098,0.360654291,0.19568149699999998,0.0,54.0,0.0,0.0,0.0
126021499,Hunters Hill - Woolwich,415.1,10876,2805,26.20091544,6.757407853999999,0.0,-0.7091338559999999,-0.7385326640000001,-0.740649427,-1.39377814,0.17791609600000002,1.237118231,0.11898049,-0.139880864,0.0,72.0,0.0,0.0,0.0
126021500,Macquarie Park - Marsfield,1067.2,23239,5028,21.77567466,4.7113943030000005,0.0,0.8646801759999999,0.25787357,-0.740649427,0.004060172,0.171357614,-0.442139249,0.107231923,-0.641193269,1.0,142.0,0.0,1.0,2.0
126021501,North Ryde - East Ryde,622.3,12970,3434,20.8420376,5.518238792000001,0.0,-0.442566956,-0.456598556,-0.740649427,-0.414883423,-0.084126033,0.8748906470000001,0.7395675620000001,-0.17056937600000002,0.0,87.0,0.0,0.0,1.0
126021503,West Ryde - Meadowbank,479.2,20901,6851,43.61644407,14.29674457,0.0,0.567051994,1.074989433,-0.740649427,0.774927719,0.032031775,0.255077365,-0.047627586,-0.67092637,0.0,89.0,0.0,0.0,2.0
126021590,Putney,151.9,4315,1131,28.40684661,7.445687952999999,0.0,-1.5443513480000002,-1.4888628640000001,-0.740649427,-0.31219111899999996,-0.16010739400000001,1.115642147,-1.171463629,0.503710373,0.0,31.0,0.0,0.0,0.0
126021591,Ryde,726.8,29885,8733,41.11860209,12.0156852,0.0,1.7107181969999998,1.918550626,-0.740649427,0.334639474,0.162912277,-0.010157243,0.21237010399999998,-0.11818339999999998,0.0,132.0,0.0,0.0,0.0
127011504,Ashcroft - Busby - Miller,546.3,17924,4854,32.80981146,8.885227897,0.0,0.1880789,0.17988225800000002,-0.740649427,-0.494749667,0.130212789,0.475785346,-1.069344557,-1.4047686519999998,0.0,114.0,0.0,0.0,0.0
127011505,Austral - Greendale,11071.5,9121,2353,0.8238269429999999,0.212527661,0.0,-0.9325459420000001,-0.941130783,-0.740649427,-1.136859674,-0.38813874,-1.14820834,-1.746903123,-0.582260082,0.0,89.0,0.0,0.0,0.0
127011506,Cobbitty - Leppington,13213.8,22559,5119,1.70723032,0.387398023,0.0,0.778115948,0.298662129,-0.740649427,-1.001428667,-0.43879858299999996,-1.1993760409999998,-0.69207933,0.091086162,0.0,150.0,0.0,0.0,1.0
127011592,Badgerys Creek,1757.7,62,18,0.035273369,0.010240655,0.0,-2.08575967,-1.98773832,-0.740649427,-3.36145701,-0.698134239,-1.948574115,-2.2992133790000002,-1.4047686519999998,0.0,3.0,0.0,0.0,0.0
127011593,Cecil Hills,374.8,7321,1725,19.53308431,4.602454642,0.0,-1.1616865440000002,-1.222616664,-0.740649427,-0.379298654,-0.06980616099999999,-0.187721205,-1.49958877,-0.86349013,0.0,33.0,0.0,0.0,0.0
127011594,Green Valley,321.5,13085,2752,40.69984448,8.559875583,0.0,-0.42792741799999995,-0.762288638,-0.740649427,1.237345086,-0.018170704,0.172127835,-0.784873514,-0.81900833,0.0,60.0,0.0,0.0,0.0
127011595,Hinchinbrook,522.5,13283,2843,25.42200957,5.441148325,0.0,-0.402721951,-0.721500079,-0.740649427,-1.194362768,-0.124125907,-0.710263097,-2.2992133790000002,-0.618089054,0.0,47.0,0.0,0.0,0.0
127011596,Hoxton Park - Carnes Hill - Horningsea Park,412.6,12536,2919,30.38293747,7.07464857,0.0,-0.497815301,-0.687434908,-0.740649427,-0.876796162,0.022034768,-0.10812702800000001,-1.065458716,-0.903679846,0.0,40.0,0.0,0.0,0.0
127011597,West Hoxton - Middleton Grange,926.3,16582,3657,17.90132786,3.947965022,0.0,0.017241851000000002,-0.356644175,-0.740649427,-0.223521528,-0.371852591,-0.514122394,-0.922386677,-0.679883083,0.0,46.0,0.0,0.0,0.0
127021509,Bonnyrigg Heights - Bonnyrigg,518.9,16818,3758,32.41086915,7.2422432070000005,0.0,0.04728473,-0.311373356,-0.740649427,1.150982606,-0.060183877000000004,-0.38586049200000005,-1.749236829,-1.032480842,0.0,96.0,0.0,0.0,0.0
127021510,Bossley Park - Abbotsbury,951.5,19838,5043,20.8491855,5.300052549,0.0,0.431731739,0.26459695899999996,-0.740649427,-0.6282491170000001,-0.24823168,-0.337970881,0.6780790329999999,-0.552109474,0.0,90.0,0.0,0.0,0.0
127021511,Cabramatta - Lansvale,759.6,26089,5800,34.34570827,7.635597682999999,0.0,1.227486128,0.603903985,-0.740649427,4.791262661,0.407065954,0.771899938,-1.0476641770000001,-0.952932165,0.0,107.0,0.0,0.0,1.0
127021512,Cabramatta West - Mount Pritchard,534.3,18095,4337,33.86674153,8.117162643,0.0,0.20984725699999998,-0.051850545,-0.740649427,0.538750959,0.078180191,-0.007501535,-0.949810871,-0.9480527209999999,0.0,113.0,0.0,0.0,0.0
127021513,Canley Vale - Canley Heights,541.6,21874,4809,40.38774003,8.879246677000001,0.0,0.69091522,0.159712092,-0.740649427,1.543931893,0.34212166200000005,0.058129627,-0.20667102,-0.494177607,0.0,68.0,0.0,0.0,1.0
127021514,Edensor Park,309.6,10336,2448,33.38501292,7.906976744,0.0,-0.777876036,-0.89854932,-0.740649427,-0.048958783,0.128680941,-0.655921681,-1.6493104369999998,-0.378266341,0.0,41.0,0.0,0.0,0.0
127021515,Fairfield,423.0,18664,4786,44.12293144,11.3144208,0.0,0.282281147,0.149402896,-0.740649427,2.702848003,0.124544725,0.760167688,-0.92507842,-1.017196298,0.0,62.0,0.0,1.0,1.0
127021516,Fairfield - West,469.2,20214,4309,43.08184143,9.183716965,0.0,0.479596665,-0.064400871,-0.740649427,0.46528342,0.03318361,0.585172926,-0.019018629,-1.074018689,0.0,74.0,0.0,0.0,0.0
127021517,Greenfield Park - Prairiewood,363.7,8716,2066,23.96480616,5.680505911,0.0,-0.984102578,-1.069771623,-0.740649427,-0.053055772,0.262109831,-0.530720558,-0.7151024220000001,-1.4047686519999998,0.0,44.0,0.0,0.0,0.0
127021518,Horsley Park - Kemps Creek,5627.7,4664,1150,0.828757752,0.204346358,0.0,-1.499923532,-1.480346572,-0.740649427,-0.39746618200000006,-0.315787143,-1.36097432,-1.001657073,-0.8558084340000001,0.0,83.0,0.0,0.0,0.0
127021519,Smithfield - Wetherill Park,661.2,18918,4902,28.61161525,7.413793103,0.0,0.314615432,0.201397103,-0.740649427,0.360282327,-0.144317154,-0.658241589,-0.5051764470000001,-0.49395971,0.0,112.0,0.0,0.0,0.0
127021520,St Johns Park - Wakeley,361.1,11317,2721,31.34034893,7.535308779,0.0,-0.652994408,-0.776183642,-0.740649427,0.372613068,0.032421821,-0.668351032,-1.548283858,-0.896452604,0.0,52.0,0.0,0.0,0.0
127021521,Wetherill Park Industrial,855.7,46,0,0.053757158,0.0,0.0,-2.087796475,-1.9958063869999998,-0.740649427,-0.023952672999999997,-0.491006709,-1.8306090819999998,-1.5611467980000002,-0.65535527,0.0,65.0,0.0,0.0,0.0
127031522,Casula,707.2,16488,3430,23.31447964,4.850113122,0.0,0.00527562,-0.45839146,-0.740649427,1.172770942,-0.200392748,0.032723514,-0.8688714340000001,0.144385018,0.0,89.0,0.0,0.0,1.0
127031523,Chipping Norton - Moorebank,1449.0,19823,5132,13.68046929,3.541752933,0.0,0.42982223399999997,0.30448906600000003,-0.740649427,0.7120739840000001,-0.19326621,-0.921657203,-1.078450949,-0.708892137,0.0,112.0,0.0,0.0,0.0
127031524,Holsworthy - Wattle Grove,7370.0,21699,5392,2.944233379,0.731614654,0.0,0.668637661,0.42102780700000003,-0.740649427,-0.469179037,-0.010851535,0.052053247000000004,0.694038789,-0.5758769779999999,0.0,130.0,0.0,0.0,1.0
127031598,Liverpool,631.9,29585,7443,46.81911695,11.77876246,0.0,1.672528096,1.340339181,-0.740649427,1.2734628829999999,0.026496105,1.471287935,-0.549654912,-1.0372261090000001,0.0,131.0,0.0,0.0,0.0
127031599,Lurnea - Cartwright,346.7,12310,2897,35.50620133,8.355927315,0.0,-0.5265851770000001,-0.697295879,-0.740649427,1.1776203840000001,-0.5083794189999999,-0.7237719440000001,2.095837325,-0.718211912,0.0,71.0,0.0,0.0,0.0
127031600,Prestons - Edmondson Park,1413.2,19219,4408,13.59963204,3.119162185,0.0,0.35293283200000003,-0.020026505,-0.740649427,0.34037649200000003,-0.19357753600000002,-0.591599048,-0.332750461,-0.517348789,0.0,96.0,0.0,0.0,1.0
127031601,Warwick Farm,465.0,6470,1981,13.91397849,4.260215054,0.0,-1.270019128,-1.107870827,-0.740649427,1.757613606,-0.53874019,-1.040779565,-2.2992133790000002,5.643880547,0.0,32.0,0.0,0.0,2.0
128011529,Gymea - Grays Point,579.8,18057,5103,31.14349776,8.801310797000001,0.0,0.205009844,0.291490514,-0.740649427,-0.901858422,-0.19224601800000002,-0.23860689999999998,0.33881629700000004,0.529765611,0.0,94.0,0.0,0.0,1.0
128011530,Miranda - Yowie Bay,599.7,18975,5471,31.64082041,9.122894781,0.0,0.32187155100000003,0.456437655,-0.740649427,0.684880363,-0.08126417,1.189329465,-0.467446645,-0.212507285,0.0,94.0,0.0,0.0,1.0
128011531,Sylvania - Taren Point,607.3,16733,4449,27.5531039,7.325868599,0.0,0.036464201,-0.0016492420000000002,-0.740649427,0.309323745,0.033374306,-0.646652335,-1.14524259,-0.026284454,0.0,72.0,0.0,0.0,0.0
128011602,Caringbah,399.6,12388,3441,31.001001000000002,8.611111111,0.0,-0.516655751,-0.453460975,-0.740649427,0.49926573700000004,0.002516017,-0.47244944899999997,-0.624625909,-0.425789596,0.0,84.0,0.0,0.0,1.0
128011603,Caringbah South,407.0,12572,3236,30.88943489,7.950859951,0.0,-0.493232489,-0.54534729,-0.740649427,-0.5420243220000001,-0.349588911,-0.021047225,0.26575936699999997,-0.39955938799999996,0.0,66.0,0.0,0.0,0.0
128011604,Cronulla - Kurnell - Bundeena,2508.7,24795,9038,9.883605054,3.602662734,0.0,1.062759496,2.055259533,-0.740649427,-0.571948884,0.219103148,-0.488553101,0.340674064,0.382212835,0.0,151.0,0.0,0.0,1.0
128011605,Lilli Pilli - Port Hacking - Dolans Bay,127.1,3265,912,25.6884343,7.1754524,0.0,-1.678016699,-1.5870243419999999,-0.740649427,-2.1753406319999997,-0.142779407,-0.29181483,-0.5323203879999999,-0.447938444,0.0,19.0,0.0,0.0,0.0
128011606,Woolaware - Burraneer,332.8,8260,2143,24.81971154,6.439302885,0.0,-1.04215153,-1.035258227,-0.740649427,-0.5245336389999999,-0.261698152,0.068747108,0.5744736189999999,0.31162319899999996,0.0,74.0,0.0,0.0,1.0
128021533,Heathcote - Waterfall,2761.6,6674,1964,2.416714948,0.711181924,0.0,-1.24404986,-1.115490668,-0.740649427,0.19234761600000003,-0.32607385899999997,-0.8890791490000001,3.086763876,-0.563417952,0.0,53.0,0.0,0.0,2.0
128021534,Illawong - Alfords Point,729.8,10756,3032,14.73828446,4.154562894,0.0,-0.7244098959999999,-0.636785379,-0.740649427,-0.750889212,-0.29754814,0.274379148,-0.652183428,-0.47568483799999994,0.0,68.0,0.0,0.0,0.0
128021535,Menai - Lucas Heights - Woronora,3340.5,21656,5523,6.482861847000001,1.653345308,0.0,0.663163747,0.47974540299999996,-0.740649427,-0.549315958,-0.192470358,-0.028640814,1.5199341290000001,-0.012715675,0.0,105.0,0.0,0.0,0.0
128021536,Oyster Bay - Como - Jannali,890.5,22084,5931,24.79955081,6.6603032,0.0,0.71764829,0.662621581,-0.740649427,-0.066275118,-0.158138057,-0.191184288,0.05694009,0.190148829,0.0,131.0,0.0,0.0,2.0
128021537,Royal National Park,13933.4,28,4,0.00200956,0.00028708,0.0,-2.090087881,-1.994013483,-0.740649427,-3.36145701,16.8352112,-1.948574115,-2.2992133790000002,-1.4047686519999998,0.0,17.0,0.0,0.0,0.0
128021538,Sutherland - Kirrawee,775.5,21760,6924,28.05931657,8.928433269,0.0,0.676402981,1.107709925,-0.740649427,-0.37348492299999997,-0.034119719,0.18963164899999999,0.396357212,-0.036262935,0.0,108.0,0.0,0.0,2.0
128021607,Engadine,895.4,17424,5219,19.45945946,5.82867992,0.0,0.12442873199999999,0.343484722,-0.740649427,0.535832902,-0.10378354699999999,0.308090304,1.6021367819999999,-0.36727791299999996,0.0,116.0,0.0,0.0,1.0
128021608,Loftus - Yarrawarrah,384.4,7426,2177,19.31841831,5.663371487999999,0.0,-1.148320009,-1.020018546,-0.740649427,-0.986695896,-0.445855888,-0.591599048,0.322737179,0.370071075,0.0,86.0,0.0,0.0,1.0
128021609,Woronora Heights,313.7,3681,1050,11.7341409,3.3471469560000005,0.0,-1.62505976,-1.525169164,-0.740649427,-1.112364608,-0.35965266700000004,-0.663408085,-2.2992133790000002,1.4527918340000001,0.0,22.0,0.0,0.0,0.0
