area_id,num_businesses,retail_trade,accommodation_and_food_services,health_care_and_social_assistance,education_and_training,arts_and_recreation_services,retail_trade_z,accommodation_and_food_services_z,health_care_and_social_assistance_z,education_and_training_z,arts_and_recreation_services_z
102011028,738,35,33,62,9,20,-0.598852318,0.085877142,0.847793921,-0.394416545,1.4605359
102011029,907,42,21,43,11,29,-0.66403395,-0.292180266,-0.370526257,-0.404917079,1.975785264
102011030,1102,42,17,11,18,23,-1.141345653,-0.427656134,-1.616320212,0.252039005,0.801931869
102011031,1666,143,68,164,22,15,1.6385211,0.017512513,1.328059276,-0.236636255,-0.452820231
102011032,2126,159,95,230,36,27,0.995075173,0.085340745,1.652429667,0.345640927,-0.062010926
102011033,352,18,14,18,5,8,-0.38268747,-0.000785273,-0.246459334,-0.080557976,0.998179939
102011034,479,31,21,40,14,11,0.408472614,0.070551051,0.831033415,2.265936445,1.023262909
102011035,292,14,5,16,8,8,-0.568577198,-0.397905722,-0.124694654,1.980056221,1.491936498
102011036,477,22,17,27,10,3,-0.674805331,-0.0732561,-0.064472218,0.97528013,-0.739801746
102011037,312,10,9,20,5,7,-1.494421971,-0.192364659,0.185131024,0.203885025,0.967372905
102011038,486,32,14,20,4,12,0.474032255,-0.193058445,-0.5787881,-1.013671483,1.205842163
102011039,1351,66,70,167,25,21,-0.515714188,0.210329255,2.165954848,0.591114903,0.238698778
102011040,1217,73,76,57,22,23,0.132675287,0.396799412,-0.389584296,0.524330983,0.593410456
102011041,924,36,31,66,12,16,-1.091918313,-0.109894295,0.42898304,-0.270728439,0.426049322
102011042,691,53,51,41,10,10,1.10645781,0.595933224,0.026415476,-0.038817715,0.125328859
102011043,486,23,30,43,12,11,-0.604699101,0.384171035,0.996465818,1.55741231,0.988291261
102021044,1035,50,32,59,15,15,-0.547375212,-0.156040467,-0.051122704,-0.035541779,0.127546391
102021045,290,17,9,9,0,4,0.053285696,-0.153995933,-0.915566524,-2.299213379,0.053572562
102021046,350,16,17,15,4,3,-0.698531606,0.153485396,-0.522039822,-0.514146632,-0.498513755
102021047,994,55,24,51,17,8,-0.138285856,-0.274793907,-0.24075137,0.372101296,-0.553825086
102021048,816,65,34,54,16,12,1.27867419,0.032421821,0.254162661,0.763401138,0.150080436
102021049,390,16,6,15,4,4,-0.97165216,-0.428390463,-0.668351032,-0.697230401,-0.320361083
102021050,424,26,20,16,6,3,0.210568518,0.128910357,-0.692506184,-0.08893026,-0.656680883
102021051,439,31,10,34,6,11,0.751974174,-0.298741405,0.629369406,-0.164452463,1.244495853
102021052,287,14,11,10,5,0,-0.519920755,-0.026124484,-0.788790137,0.421924955,-1.404768652
102021053,1000,84,79,54,11,18,1.531668421,0.68700005,-0.151140906,-0.581086635,0.498366632
102021054,588,47,44,40,11,8,1.294699761,0.613884807,0.315766033,0.62277088,0.033731185
102021055,973,68,41,38,16,8,0.709562043,0.040680933,-0.648614807,0.269227984,-0.535459398
102021056,768,44,28,49,22,9,-0.024131878,-0.058897687,0.175129281,2.175075018,-0.165748285
102021057,645,34,58,28,12,12,-0.290835662,0.878507676,-0.503609146,0.606709233,0.562296241
115011290,1880,109,57,137,34,28,0.015890203,-0.166538128,0.477040047,0.525559798,0.169929573
115011291,4674,211,139,419,74,40,-0.731789687,-0.176710402,1.035326243,0.173680756,-0.499935635
115011294,736,28,11,59,6,9,-1.145367594,-0.436086957,0.719716932,-1.025898104,-0.111877834
115011296,1503,61,26,134,25,9,-0.997291284,-0.394829528,1.019022175,0.298812908,-0.771656448
115011553,1803,135,35,86,48,25,1.00013566,-0.357775343,-0.360898677,1.859011989,0.061256556
115011554,389,21,4,42,10,4,-0.216774857,-0.51784277,1.645265493,1.716039587,-0.317573403
115011555,1347,80,52,121,28,9,0.098171392,-0.021271609,1.041464356,0.947567267,-0.698333877
115011556,1169,71,40,112,26,18,0.176486547,-0.098190854,1.240484584,1.174718914,0.223234157
115011557,520,28,7,43,10,3,-0.224838144,-0.462108435,0.803905515,0.704504705,-0.794789394
115011558,1526,93,57,129,31,5,0.188601227,-0.043218977,0.86523206,0.873783706,-1.058340939
115011559,1856,96,56,152,29,17,-0.34844874,-0.169110886,0.777418141,0.141307564,-0.43633894
115021297,3683,215,86,141,51,48,0.039051011,-0.28872134,-0.674260288,-0.136340623,-0.02680845
115021298,816,41,14,27,16,17,-0.434605022,-0.397317038,-0.847205727,0.763401138,0.797934223
115031299,325,18,12,3,3,5,-0.135220462,-0.050749177,-1.641320575,-0.857428699,0.221842702
115031300,2430,93,47,59,34,36,-1.132078875,-0.35901192,-1.140400366,-0.113792156,0.161597837
115041301,1622,76,38,28,13,23,-0.632040558,-0.287365357,-1.373973372,-1.047355534,0.09448164
115041302,2154,160,77,117,38,15,0.965487705,-0.071361909,-0.140571042,0.456286591,-0.668489139
116011303,2319,162,91,142,15,19,0.70785817,-0.010107316,0.089624947,-1.288907167,-0.538505167
116011304,867,43,29,47,9,3,-0.472397946,-0.111667091,-0.144153575,-0.677829223,-1.038921807
116011306,978,60,38,55,11,14,0.21225423,-0.016879509,-0.076673287,-0.542437567,0.10874498
116011307,2401,129,45,63,20,24,-0.231743297,-0.369520935,-1.075185772,-0.998144322,-0.347911629
116011308,1616,106,82,84,29,18,0.459494897,0.191552843,-0.218371631,0.50376117,-0.227085927
116011560,723,28,24,32,8,3,-1.105520896,-0.116114474,-0.475343679,-0.570932988,-0.966056046
116011561,830,48,41,32,8,7,0.007304044,0.167970776,-0.665266157,-0.7937354,-0.513072066
116021309,1236,102,57,66,15,11,1.445705052,0.110442371,-0.171177018,-0.403663132,-0.4638082
116021310,2116,166,90,149,31,20,1.208367127,0.047612967,0.395274763,-0.010936653,-0.405432754
116021312,1573,100,37,43,10,17,0.341752985,-0.28571607,-1.038663494,-1.306248723,-0.262107784
116021562,257,22,6,15,9,6,1.625052137,-0.288795435,-0.005823132,3.170592316,1.0636299
116021563,1246,79,42,54,16,17,0.331855963,-0.107122595,-0.506011347,-0.293520405,0.037771915
116031313,424,24,15,19,5,3,-0.064202677,-0.077850792,-0.456993447,-0.45731078,-0.656680883
116031314,600,34,20,10,9,3,-0.060539061,-0.113689391,-1.393810779,0.043686727,-0.876119962
116031315,921,42,26,33,7,9,-0.705037124,-0.203164661,-0.755923295,-1.112076156,-0.37157903
116031316,435,36,13,17,8,4,1.459356222,-0.174149203,-0.647749741,0.573307823,-0.432541176
116031317,1136,95,45,76,13,4,1.509926666,-0.003591506,0.278292798,-0.51178959,-1.032480842
116031318,500,15,5,0,3,3,-1.613912214,-0.522800785,-1.948574115,-1.362053337,-0.770390224
116031319,1194,81,52,48,14,6,0.590277455,0.065462044,-0.610451495,-0.467800678,-0.873463436
117011320,409,23,5,0,0,3,-0.085700668,-0.483790163,-1.948574115,-2.299213379,-0.629244901
117011321,1304,50,53,40,13,18,-1.127887485,0.014494064,-0.9275373,-0.742071182,0.054690922
117011322,2580,166,124,81,31,22,0.386507282,0.144553681,-0.903554807,-0.422471692,-0.503197243
117011323,911,62,45,54,17,18,0.602969532,0.167947588,0.024459046,0.615481227,0.68429313
117011324,135,5,3,0,3,0,-1.203994298,-0.308504341,-1.948574115,1.171749741,-1.404768652
117011325,9,0,0,0,0,0,-3.36145701,-0.698134239,-1.948574115,-2.299213379,-1.404768652
117021326,3109,238,145,155,30,88,1.097808151,0.119599787,-0.289101929,-0.792040587,1.58790325
117021327,1917,117,112,152,34,73,0.193798445,0.326244837,0.69067556,0.471038876,2.621455069
117021328,1087,78,43,26,23,31,0.818502945,-0.004542838,-1.152409622,1.005705507,1.610522864
117031329,2260,150,197,252,43,84,0.50479254,0.830214898,1.762939887,0.672606814,2.52500922
117031330,3218,249,133,113,46,115,1.145883516,0.026519254,-0.779743966,-0.066493162,2.373640257
117031331,1830,114,115,174,49,63,0.267324535,0.403688015,1.216305246,1.883012675,2.235107574
117031332,2316,170,180,323,52,119,0.914343442,0.664561002,2.693616497,1.20771827,4.027804241
117031333,2874,139,224,162,40,109,-0.544144012,0.668417388,-0.072339032,-0.125332511,2.60516226
117031334,3933,214,219,162,67,55,-0.191912248,0.278169511,-0.577534291,0.361593589,0.073780951
117031335,2350,124,129,123,59,90,-0.287761198,0.26433451,-0.20638117,1.622236444,2.644455356
117031336,4302,227,279,203,105,124,-0.287749674,0.438965569,-0.377905255,1.513036909,1.642764475
117031337,40285,1558,1647,1057,608,256,-1.108612864,0.018693859,-1.075219497,0.058129328,-0.732885496
117031338,3597,294,219,154,31,71,1.399715914,0.369367193,-0.523493985,-0.953093404,0.682195873
118011339,2183,109,94,167,40,96,-0.452884971,0.056851776,0.597797222,0.562780948,3.244821291
118011340,2575,173,136,145,59,111,0.552138457,0.227898762,-0.074228086,1.279585488,3.152901607
118011341,3685,216,177,433,70,80,0.053013149,0.144037305,1.962620315,0.667824295,0.890585226
118011342,0,0,0,0,0,0,0,0,0,0,0
118011343,5016,271,164,540,61,93,-0.21429699,-0.124874939,1.634825425,-0.399732964,0.555531514
118011344,1545,80,45,134,28,31,-0.345198461,-0.187454275,0.938349654,0.53147499,0.716669457
118011345,2463,189,97,183,42,100,1.10851141,-0.007620838,0.524548675,0.364254057,2.88795315
118011346,1950,104,64,170,30,44,-0.254710705,-0.122680851,0.953264875,0.103761088,0.980928
118011347,1384,88,34,152,22,36,0.34239516,-0.267401765,1.7070918,0.183628737,1.345426845
118021348,2567,111,97,244,64,91,-0.842596181,-0.035596449,1.215327421,1.594971968,2.343344381
118021350,1800,67,77,101,31,31,-1.193206985,0.051903315,-0.080870883,0.390783039,0.416132391
118021564,975,49,57,104,25,29,-0.433946069,0.326892109,1.601911237,1.705744067,1.740013298
118021565,1170,78,89,124,22,25,0.521975871,0.635598875,1.579151715,0.637755415,0.854413784
118021566,1165,53,27,130,11,19,-0.711389078,-0.291782028,1.765721183,-0.824426474,0.319579006
118021567,945,52,42,79,15,26,-0.156083838,0.081125558,0.834048333,0.180045992,1.504197684
118021568,882,41,64,69,18,14,-0.653621157,0.574126654,0.655417055,0.888405813,0.273481157
118021569,1638,64,49,143,32,38,-1.085452391,-0.173632453,0.957329075,0.75218277,1.048057992
118021570,1402,72,86,269,31,32,-0.369939527,0.377377678,4.437931054,1.154419682,1.008463599
119011354,1472,108,75,68,18,11,0.912429721,0.195208769,-0.410914868,-0.389240467,-0.614668708
119011355,465,58,10,4,3,0,3.904320639,-0.321073047,-1.662244651,-1.291514409,-1.404768652
119011356,2202,174,52,51,17,9,1.241522018,-0.284086118,-1.177649588,-1.093361069,-0.972630758
119011357,2495,183,77,122,20,9,0.911097403,-0.157024981,-0.320971862,-1.047162555,-1.023378815
119011358,1495,95,45,66,20,14,0.340142894,-0.170374678,-0.479100663,-0.209670364,-0.414657393
119011359,1674,82,57,91,18,25,-0.508038585,-0.101120685,-0.139130975,-0.619715096,0.174229825
119011360,1051,75,30,68,14,14,0.795405018,-0.197658156,0.205026657,-0.218617028,0.003619866
119011361,1419,115,40,63,19,5,1.359418057,-0.203889125,-0.470769033,-0.207829681,-1.032218483
119011571,1819,118,57,167,30,4,0.41736443,-0.1487111,1.107351465,0.276817523,-1.172267853
119011572,1991,159,76,103,21,10,1.290470374,-0.028855358,-0.226606552,-0.651769809,-0.873730289
119021362,1756,126,74,63,14,22,0.818319838,0.040742505,-0.75437969,-1.053936178,-0.080136399
119021363,3094,229,131,170,29,13,0.949981887,0.044227833,-0.119683996,-0.83521633,-0.960526055
119021364,2677,152,90,117,33,36,-0.053938531,-0.108668012,-0.493796894,-0.373781839,0.017073174
119021366,2171,140,63,73,16,7,0.394972769,-0.189336099,-0.829337168,-1.148087886,-1.063862081
119021367,1167,86,45,28,10,13,0.931283707,-0.022041228,-1.149943091,-0.960795724,-0.226973798
119021573,1742,99,49,82,22,3,-0.05095309,-0.204945992,-0.381733923,-0.326622398,-1.222685291
119021574,910,53,11,32,7,0,0.031212375,-0.486192701,-0.778084439,-1.097726146,-1.404768652
119031368,2992,264,170,201,39,13,1.778380627,0.29807857,0.287537461,-0.263270774,-0.945381421
119031369,1719,101,87,123,21,11,0.061114727,0.189242755,0.433132355,-0.391092292,-0.728196739
119031370,1049,75,62,65,15,10,0.803330398,0.338155005,0.113939718,-0.06575284,-0.396858852
119031371,1139,72,34,88,21,14,0.32081473,-0.174750793,0.623111939,0.580558481,-0.105193295
119031372,2180,118,49,74,21,20,-0.208394533,-0.304036108,-0.818689155,-0.794598632,-0.434771056
119031373,640,45,48,37,14,3,0.734351107,0.616866668,-0.024238793,1.117515942,-0.909160505
119031374,2626,128,98,208,25,20,-0.522084911,-0.043805278,0.687924909,-0.812224229,-0.599515506
119041375,1806,119,78,68,23,16,0.476819675,0.059119883,-0.695288173,-0.310040163,-0.468071084
119041376,2132,131,66,107,23,19,0.217785772,-0.155357129,-0.278039116,-0.614200795,-0.46252427
119041377,1211,84,67,84,17,17,0.679108994,0.271918729,0.360267516,-0.106573588,0.079463838
119041378,1460,80,67,233,15,15,-0.169594368,0.106478188,3.363474817,-0.694487279,-0.31850422
119041379,1517,71,60,75,25,21,-0.635118171,-0.004659799,-0.302934687,0.274836397,0.05885989
119041380,1363,74,64,73,22,13,-0.198866769,0.125148305,-0.165842338,0.221882357,-0.396341217
119041381,2093,177,108,84,21,22,1.564732335,0.206596438,-0.612689158,-0.732056118,-0.29341928
119041382,1642,99,93,91,28,26,0.150661034,0.294923693,-0.103867772,0.364254057,0.269392851
120011383,2597,131,113,226,49,29,-0.423087502,0.064772204,0.948072338,0.647830779,-0.224113126
120011384,2809,159,196,178,40,25,-0.064202677,0.525267578,0.160672033,-0.075029109,-0.463777748
120011385,2357,149,104,217,31,36,0.320966617,0.075505101,1.115922549,-0.244909793,0.210110673
120011386,2635,166,106,225,41,36,0.308276529,0.007191991,0.893666887,0.131119431,0.039736307
120021387,2372,99,103,232,37,80,-0.930218465,0.06322098,1.307035346,0.137192015,2.16115843
120021388,3345,218,169,300,59,144,0.434903385,0.187705934,1.036699443,0.455766317,3.146825449
120021389,1803,99,73,131,42,50,-0.162955718,0.011757173,0.469861727,1.339233818,1.527281764
120031390,1947,135,118,134,41,21,0.677552535,0.364492757,0.342282189,0.989911919,-0.26438627
120031391,3477,261,188,309,63,23,1.011174491,0.249886739,1.009525469,0.530864402,-0.70537723
120031392,869,37,34,48,11,22,-0.881243835,-0.012134533,-0.110002874,-0.322082488,1.271933576
120031393,1560,99,76,70,16,10,0.335272367,0.156054385,-0.454980518,-0.697230401,-0.727013921
120031394,1149,74,51,76,24,28,0.390162223,0.080108247,0.253097611,0.963310702,1.171761081
120031395,1340,70,76,136,23,36,-0.318468558,0.296294308,1.429686201,0.38171709,1.435731772
120031396,2127,186,105,85,19,12,1.732467644,0.167404675,-0.618394042,-0.903974326,-0.808268014
120031575,3558,177,152,525,52,8,-0.463617128,0.050901316,2.962905675,-0.016455172,-1.16704018
120031576,574,34,21,21,8,5,0.088979871,-0.056670382,-0.730800938,-0.122302712,-0.483777903
121011398,5358,280,250,495,87,48,-0.317332691,0.119957653,1.126541803,0.236960681,-0.457581749
121011399,1851,81,41,146,34,31,-0.812364114,-0.309767323,0.676886082,0.569816104,0.365961698
121011400,3823,176,108,448,66,76,-0.679724652,-0.202816084,1.952037572,0.397297336,0.697104246
121011401,3127,120,104,236,58,38,-1.126030344,-0.114997711,0.563561747,0.597880878,-0.119917343
121011402,3338,151,112,246,56,54,-0.726353512,-0.109837448,0.504483657,0.321166208,0.305658506
121021403,1510,74,32,64,33,20,-0.506748071,-0.326566654,-0.537785234,1.114283464,-0.004374771
121021404,888,45,22,38,17,23,-0.409523232,-0.263749555,-0.524181765,0.690974444,1.333726814
121021406,1604,84,31,93,26,12,-0.310880058,-0.359272825,-0.018661761,0.232598872,-0.613773106
121021577,1599,120,65,140,44,8,1.010137228,0.01460338,0.965754856,1.998789734,-0.87578935
121021578,778,39,38,44,24,9,-0.441395011,0.158250242,-0.066086702,2.519090181,-0.181673996
121021579,697,40,24,43,9,9,-0.018473181,-0.09440355,0.104925752,-0.282369673,-0.039535306
121031407,2819,147,96,339,42,21,-0.323865842,-0.10104266,2.054223423,0.02789563,-0.617140238
121031408,2797,147,108,313,45,33,-0.299973455,-0.021122689,1.776293763,0.213729173,-0.157331629
121031409,2271,85,47,247,50,32,-1.181194164,-0.335268878,1.67167804,1.139653648,0.085038312
121031410,2386,149,55,212,71,31,0.276209582,-0.293970786,1.008923637,2.348618628,-0.031079684
121031411,2026,105,48,183,51,36,-0.342500056,-0.28273415,1.057991251,1.632603186,0.473943376
121031412,2148,83,60,284,35,22,-1.1105846,-0.208375987,2.452341737,0.245836394,-0.321875618
121041413,2276,66,69,195,44,50,-1.672266082,-0.166587299,0.903240926,0.720341532,0.917940882
121041414,2958,136,139,240,58,57,-0.683227437,0.125778883,0.752099327,0.763401138,0.632619808
121041415,4227,180,133,382,78,82,-0.880910812,-0.146458123,1.059510973,0.582991625,0.646293216
121041416,2872,144,123,199,58,61,-0.440769328,0.052771572,0.35778878,0.855108955,0.840883861
121041417,6928,202,213,259,95,76,-1.663015666,-0.159074976,-0.704200235,-0.157416708,-0.244915868
122011418,2617,118,106,170,44,53,-0.734908978,0.012043298,0.213667394,0.326887873,0.736490849
122011419,3000,156,147,195,61,58,-0.332379363,0.160999687,0.215002896,0.876717876,0.639339616
122021420,1920,95,54,86,29,39,-0.479221668,-0.205008899,-0.457647649,0.059956866,0.742866651
122021421,1529,63,36,42,27,33,-0.961297381,-0.285315119,-1.034248669,0.458942403,0.877168139
122021422,1874,104,55,94,46,34,-0.128716725,-0.183548327,-0.278955537,1.534774699,0.513487
122021423,3779,213,120,203,52,54,-0.078163002,-0.141372807,-0.160530338,-0.149953337,0.106055866
122031424,1153,63,36,46,16,16,-0.178591379,-0.150692404,-0.620606372,-0.131742914,0.062426325
122031425,940,40,16,24,20,7,-0.882670065,-0.399694317,-1.098723898,1.024049182,-0.617419539
122031426,2413,123,101,172,57,43,-0.39215172,0.035752163,0.424056482,1.390393087,0.479350177
122031427,1178,64,40,67,23,18,-0.196689976,-0.102774462,-0.05540891,0.750401926,0.210796105
122031428,2959,129,72,118,63,32,-0.821936015,-0.271503326,-0.621191749,1.026295389,-0.26135817
122031429,4069,270,108,152,96,69,0.503842368,-0.232761591,-0.705162558,1.385859287,0.388141626
122031430,1517,70,42,87,44,20,-0.67351731,-0.212702131,-0.039632378,2.231114226,-0.010836707
122031431,2401,117,71,102,44,39,-0.522879456,-0.17965547,-0.534516798,0.563138548,0.31262401
122031432,591,32,31,23,9,8,-0.207399848,0.221550547,-0.653187645,0.079365408,0.026429155
123011433,1270,71,53,97,19,14,-0.104877468,0.033572303,0.593727158,0.037537383,-0.239243981
123011434,1719,90,54,78,28,27,-0.311640611,-0.147348519,-0.438223671,0.24494807,0.255907861
123011435,1838,93,45,65,20,27,-0.414020193,-0.268862996,-0.771437548,-0.599612287,0.148388544
123021436,625,31,13,32,13,12,-0.472182946,-0.333440654,-0.244341146,0.949608101,0.625242317
123021437,1744,178,99,216,27,20,2.58393622,0.297164613,2.173979118,0.118917464,-0.192271657
123021438,792,34,12,27,13,7,-0.860761594,-0.43247749,-0.813830927,0.264566198,-0.470288644
123021439,0,0,0,0,0,0,0,0,0,0,0
123021440,1965,111,46,79,15,13,-0.070914645,-0.287684423,-0.610366373,-1.106897804,-0.70528438
123021441,683,36,20,32,16,11,-0.29110012,-0.184712704,-0.389063712,1.359781418,0.298052897
123021442,1049,56,37,50,16,8,-0.251749078,-0.079703561,-0.362025012,0.08314453,-0.598440812
123021443,1345,92,37,47,16,9,0.623031746,-0.215804291,-0.785427195,-0.441151337,-0.697283416
123021444,863,44,27,45,8,11,-0.391508341,-0.149582296,-0.212929842,-0.851302924,-0.057112664
123031445,449,24,8,11,3,6,-0.247791448,-0.385736102,-1.133109078,-1.255605314,0.008100898
123031446,885,41,14,27,12,22,-0.662800262,-0.420770583,-0.933075127,-0.181337577,1.223541219
123031447,1330,63,42,49,21,13,-0.602175752,-0.144449647,-0.722255161,0.166997259,-0.371320085
123031448,1015,44,17,21,8,21,-0.836269127,-0.404472296,-1.259902388,-1.068132864,0.782743169
124011449,446,50,46,28,7,13,3.16897945,1.110237712,0.141117376,0.152251605,1.677039854
124011450,1362,77,45,112,34,16,-0.068237496,-0.118838685,0.788584196,1.599886161,-0.162715929
124011451,3,0,0,0,0,0,-3.36145701,-0.698134239,-1.948574115,-2.299213379,-1.404768652
124011452,1160,94,119,80,27,41,1.358922613,1.100545163,0.346998311,1.336321268,2.332230708
124011453,623,36,16,40,15,20,0.004600383,-0.247839654,0.188555912,1.461460948,1.989444445
124011454,1429,92,53,93,33,38,0.388814072,-0.047842211,0.2176816,1.307770689,1.406798908
124011455,426,34,28,42,10,5,1.2877232,0.454292221,1.333124494,1.367296959,-0.163809286
124021456,0,0,0,0,0,0,0,0,0,0,0
124031457,587,37,21,17,10,4,0.310272546,-0.070876566,-0.984590124,0.361661244,-0.684293435
124031458,1410,50,31,28,19,17,-1.295801222,-0.31264934,-1.287579502,-0.194480424,-0.130012946
124031459,1018,48,18,44,18,11,-0.614824717,-0.388114379,-0.509895129,0.462554919,-0.262305864
124031460,1143,40,30,65,20,17,-1.322909566,-0.237941446,-0.055680842,0.433828447,0.167764634
124031461,1188,75,30,37,19,23,0.316036249,-0.255372991,-0.911895154,0.19882826,0.642187555
124031462,960,54,32,83,14,9,-0.084810516,-0.113689391,0.929260692,-0.021393832,-0.413552358
124031463,1156,41,16,41,14,10,-1.295443842,-0.455458178,-0.768022379,-0.40759853,-0.490151541
124031464,1936,165,95,192,35,26,1.603158889,0.162231368,1.352496977,0.524529861,0.015155515
124031465,521,24,11,9,3,5,-0.678086881,-0.327948443,-1.373579487,-1.399827542,-0.390087865
124041466,1134,93,57,65,17,30,1.415781852,0.183171484,-0.040657879,0.04230936,1.392314364
124041467,1253,66,59,66,13,18,-0.293142124,0.127458243,-0.195291744,-0.678691891,0.114094304
124041468,814,30,14,10,12,15,-1.214596081,-0.39657793,-1.539657651,0.003391147,0.543568043
124051469,402,18,15,16,4,3,-0.753181194,-0.043904932,-0.623766148,-0.745050788,-0.615740756
124051470,951,50,21,43,10,7,-0.298812782,-0.310962574,-0.443537935,-0.656801808,-0.626526627
124051580,420,24,11,11,6,3,-0.032800255,-0.238927573,-1.076803158,-0.067879945,-0.649556238
124051581,1397,102,42,52,7,11,0.891694249,-0.171004312,-0.709589427,-1.516569584,-0.57225103
125011473,2807,173,136,135,39,29,0.22867777,0.151361656,-0.347725158,-0.129088593,-0.312441469
125011475,3,0,0,0,0,0,-3.36145701,-0.698134239,-1.948574115,-2.299213379,-1.404768652
125011582,1745,106,70,109,21,6,0.177029111,0.005209131,0.130596211,-0.41952275,-1.041228005
125011583,1317,121,64,29,19,3,1.990426574,0.153903808,-1.215629389,-0.045854634,-1.163926424
125011584,902,51,31,38,5,3,-0.067858169,-0.095546979,-0.546289851,-1.433396637,-1.053117638
125011585,679,31,18,33,7,0,-0.701963211,-0.23333274,-0.330854814,-0.688972757,-1.404768652
125011586,2325,165,123,138,19,15,0.772519928,0.229436293,0.027099186,-1.022794684,-0.72264131
125011587,569,47,12,26,11,3,1.450177755,-0.328362455,-0.427606093,0.720341532,-0.847318364
125021476,2604,130,93,231,46,21,-0.45335635,-0.071943331,1.004198481,0.459962373,-0.552109474
125021477,2105,157,95,74,23,20,0.983191178,0.093156885,-0.778431971,-0.592587807,-0.400210571
125021478,1544,101,56,90,33,15,0.449035746,-0.062209793,-0.008339649,1.039115787,-0.377601508
125031479,1504,115,52,75,9,5,1.092613283,-0.091928147,-0.28871041,-1.364545784,-1.053273512
125031480,1201,93,26,27,6,5,1.149274771,-0.318561399,-1.2002672,-1.518896941,-0.964594888
125031481,2159,153,84,73,18,12,0.766601565,-0.015966098,-0.823116305,-0.996999333,-0.817109154
125031482,1890,120,65,70,26,16,0.337050496,-0.095135587,-0.715766701,-0.150521924,-0.509702087
125031483,1790,117,59,117,15,10,0.446042826,-0.120219501,0.227089919,-0.990330639,-0.814099724
125031484,1523,89,42,42,17,12,0.042602673,-0.214614536,-1.030646599,-0.555755213,-0.5717044
125031485,2601,161,98,134,14,19,0.244267868,-0.037516072,-0.233734737,-1.458495669,-0.632425314
125031486,684,28,6,0,4,0,-0.97689296,-0.544332964,-1.948574115,-1.385802032,-1.404768652
125031487,190,5,0,3,0,0,-1.828522978,-0.698134239,-1.423008849,-2.299213379,-1.404768652
125041489,2422,148,78,165,37,18,0.198089231,-0.133476542,0.319038201,0.086894628,-0.61899851
125041490,848,67,23,63,22,9,1.240960497,-0.222583597,0.524309624,1.752972339,-0.282636999
125041491,1671,97,69,299,13,12,0.019988138,0.025863867,4.00741287,-1.084064711,-0.645488666
125041492,5067,322,294,222,67,39,0.340335139,0.31919427,-0.490226446,-0.233897846,-0.590981444
125041493,1466,89,29,84,18,11,0.174956971,-0.351294527,-0.041338634,-0.381423388,-0.611435011
125041494,810,31,29,51,17,15,-1.132078875,-0.07039718,0.147198488,0.978918456,0.553189459
125041588,1203,101,39,41,17,5,1.529150484,-0.129721544,-0.814145348,-0.091992443,-0.965326682
125041589,1282,112,86,136,17,13,1.727597,0.47804962,1.582524812,-0.228006837,-0.332626223
126011495,2598,136,89,249,69,24,-0.312110175,-0.097492306,1.241635371,1.849108594,-0.428050518
126011496,2050,74,68,261,35,25,-1.258720182,-0.116540342,2.289276541,0.367502188,-0.115381603
126021497,2624,184,153,277,49,17,0.723251356,0.324198783,1.565208907,0.617506773,-0.719781782
126021498,2114,102,76,156,36,32,-0.55083624,-0.067796371,0.507710098,0.360654291,0.195681497
126021499,1421,48,71,136,22,17,-1.39377814,0.177916096,1.237118231,0.11898049,-0.139880864
126021500,2077,120,103,94,32,15,0.004060172,0.171357614,-0.442139249,0.107231923,-0.641193269
126021501,1285,65,45,109,25,15,-0.414883423,-0.084126033,0.874890647,0.739567562,-0.170569376
126021503,1873,133,78,124,27,13,0.774927719,0.032031775,0.255077365,-0.047627586,-0.67092637
126021590,554,29,17,51,4,10,-0.312191119,-0.160107394,1.115642147,-1.171463629,0.503710373
126021591,2301,146,113,134,37,28,0.334639474,0.162912277,-0.010157243,0.212370104,-0.1181834
127011504,508,25,24,37,4,0,-0.494749667,0.130212789,0.475785346,-1.069344557,-1.404768652
127011505,1414,54,25,34,5,11,-1.136859674,-0.38813874,-1.14820834,-1.746903123,-0.582260082
127011506,1555,63,23,35,16,22,-1.001428667,-0.438798583,-1.199376041,-0.69207933,0.091086162
127011592,12,0,0,0,0,0,-3.36145701,-0.698134239,-1.948574115,-2.299213379,-1.404768652
127011593,586,30,21,31,3,3,-0.379298654,-0.069806161,-0.187721205,-1.49958877,-0.86349013
127011594,722,57,28,46,7,4,1.237345086,-0.018170704,0.172127835,-0.784873514,-0.81900833
127011595,672,25,22,25,0,5,-1.194362768,-0.124125907,-0.710263097,-2.299213379,-0.618089054
127011596,633,27,26,35,5,3,-0.876796162,0.022034768,-0.108127028,-1.065458716,-0.903679846
127011597,1021,55,19,44,9,7,-0.223521528,-0.371852591,-0.514122394,-0.922386677,-0.679883083
127021509,852,66,31,40,3,3,1.150982606,-0.060183877,-0.385860492,-1.749236829,-1.032480842
127021510,1364,64,35,66,26,11,-0.628249117,-0.24823168,-0.337970881,0.678079033,-0.552109474
127021511,1872,262,118,153,15,8,4.791262661,0.407065954,0.771899938,-1.047664177,-0.952932165
127021512,926,62,41,54,8,4,0.538750959,0.078180191,-0.007501535,-0.949810871,-0.948052721
127021513,1045,88,62,63,14,9,1.543931893,0.342121662,0.058129627,-0.20667102,-0.494177607
127021514,721,41,34,28,3,7,-0.048958783,0.128680941,-0.655921681,-1.649310437,-0.378266341
127021515,1364,142,64,111,12,5,2.702848003,0.124544725,0.760167688,-0.92507842,-1.017196298
127021516,959,63,40,73,14,3,0.46528342,0.03318361,0.585172926,-0.019018629,-1.074018689
127021517,493,28,27,21,5,0,-0.053055772,0.262109831,-0.530720558,-0.715102422,-1.404768652
127021518,963,49,21,17,8,5,-0.397466182,-0.315787143,-1.36097432,-1.001657073,-0.855808434
127021519,1393,89,44,54,16,12,0.360282327,-0.144317154,-0.658241589,-0.505176447,-0.49395971
127021520,624,40,26,24,3,3,0.372613068,0.032421821,-0.668351032,-1.548283858,-0.896452604
127021521,1693,97,20,6,8,12,-0.023952673,-0.491006709,-1.830609082,-1.561146798,-0.65535527
127031522,1092,85,31,65,10,16,1.172770942,-0.200392748,0.032723514,-0.868871434,0.144385018
127031523,2431,170,70,75,19,16,0.712073984,-0.19326621,-0.921657203,-1.078450949,-0.708892137
127031524,1148,57,45,69,22,9,-0.469179037,-0.010851535,0.052053247,0.694038789,-0.575876978
127031598,2589,206,107,266,29,9,1.273462883,0.026496105,1.471287935,-0.549654912,-1.037226109
127031599,462,36,5,17,13,3,1.177620384,-0.508379419,-0.723771944,2.095837325,-0.718211912
127031600,1668,106,48,68,21,14,0.340376492,-0.193577536,-0.591599048,-0.332750461,-0.517348789
127031601,330,29,3,9,0,22,1.757613606,-0.53874019,-1.040779565,-2.299213379,5.643880547
128011529,1421,60,41,73,24,26,-0.901858422,-0.192246018,-0.2386069,0.338816297,0.529765611
128011530,2217,154,78,209,26,25,0.684880363,-0.08126417,1.189329465,-0.467446645,-0.212507285
128011531,2301,145,96,90,17,30,0.309323745,0.033374306,-0.646652335,-1.14524259,-0.026284454
128011602,2052,136,82,91,22,19,0.499265737,0.002516017,-0.472449449,-0.624625909,-0.425789596
128011603,1157,56,23,67,19,11,-0.542024322,-0.349588911,-0.021047225,0.265759367,-0.399559388
128011604,2485,119,130,109,42,42,-0.571948884,0.219103148,-0.488553101,0.340674064,0.382212835
128011605,442,9,14,22,5,4,-2.175340632,-0.142779407,-0.29181483,-0.532320388,-0.447938444
128011606,924,45,23,56,17,15,-0.524533639,-0.261698152,0.068747108,0.574473619,0.311623199
128021533,377,23,8,12,13,3,0.192347616,-0.326073859,-0.889079149,3.086763876,-0.563417952
128021534,1138,51,26,76,12,10,-0.750889212,-0.29754814,0.274379148,-0.652183428,-0.475684838
128021535,1595,77,46,92,39,21,-0.549315958,-0.192470358,-0.028640814,1.519934129,-0.012715675
128021536,1591,90,49,84,24,24,-0.066275118,-0.158138057,-0.191184288,0.05694009,0.190148829
128021537,3,0,3,0,0,0,-3.36145701,16.8352112,-1.948574115,-2.299213379,-1.404768652
128021538,2086,107,79,134,36,27,-0.373484923,-0.034119719,0.189631649,0.396357212,-0.036262935
128021607,1121,75,38,76,28,11,0.535832902,-0.103783547,0.308090304,1.602136782,-0.367277913
128021608,417,17,6,17,7,7,-0.986695896,-0.445855888,-0.591599048,0.322737179,0.370071075
128021609,259,10,5,10,0,7,-1.112364608,-0.359652667,-0.663408085,-2.299213379,1.452791834