area_id,area_name,population_density,dwelling_density,transport_density,retail_trade_z,accommodation_and_food_services_z,health_care_and_social_assistance_z,education_and_training_z,arts_and_recreation_services_z,carpods_num,busstops_num,librarybookstore_num,parksplaygrounds_num,trainstation_num,area_z_score,population_density_z,dwelling_density_z,transport_density_z,walkability,service_balance
102011028,Avoca Beach - Copacabana,11.78937558,3.611369991,0.0,-0.5988523179999999,0.08587714199999999,0.847793921,-0.394416545,1.4605358999999998,0.0,60.0,0.0,0.0,0.0,-0.16913851198949517,-1.127442754,-0.953681108,-0.740649427,60,1.4009380999999999
102011029,Box Head - MacMasters Beach,3.4239232060000004,1.198965281,0.0,-0.66403395,-0.292180266,-0.370526257,-0.404917079,1.975785264,0.0,111.0,0.0,0.0,0.0,-0.03848847229492429,-0.6951308190000001,-0.271481249,-0.740649427,63,0.24412771199999983
102011030,Calga - Kulnura,0.06303787599999999,0.020509121,0.0,-1.141345653,-0.427656134,-1.616320212,0.252039005,0.801931869,0.0,88.0,0.0,0.0,0.0,3.7099828104501396,-1.477391373,-1.289850553,-0.740649427,37,-2.131351125
102011031,Erina - Green Point,4.213002693,1.316840766,0.0,1.6385211,0.017512513,1.3280592759999998,-0.236636255,-0.452820231,0.0,145.0,0.0,0.0,0.0,-0.02979307235112232,-0.281277433,-0.001201016,-0.740649427,72,2.2946364029999997
102011032,Gosford - Springfield,11.46227531,3.76833018,0.0,0.995075173,0.085340745,1.6524296669999998,0.34564092700000004,-0.062010926,0.0,180.0,0.0,0.0,0.0,-0.11578431221715674,0.374064688,0.86073744,-0.740649427,81,3.0164755859999994
102011033,Kariong,7.87382615,2.196002889,0.0,-0.38268747,-0.0007852730000000001,-0.246459334,-0.08055797599999999,0.998179939,0.0,32.0,0.0,0.0,0.0,-0.1596229835214096,-1.261108105,-1.178242297,-0.740649427,54,0.2876898860000001
102011034,Kincumber - Picketts Valley,6.14442882,1.6097278519999998,0.0,0.408472614,0.07055105099999999,0.831033415,2.265936445,1.023262909,0.0,72.0,0.0,0.0,0.0,-0.14035251018373954,-1.148065408,-1.1235587340000002,-0.740649427,69,4.599256434
102011035,Narara,8.897688912000001,2.604518307,0.0,-0.568577198,-0.397905722,-0.124694654,1.980056221,1.491936498,0.0,55.0,0.0,0.0,0.0,-0.16269973897897044,-1.2212631,-1.0966651790000002,-0.740649427,62,2.3808151449999997
102011036,Niagara Park - Lisarow,4.884652163999999,1.401506096,0.0,-0.674805331,-0.0732561,-0.064472218,0.97528013,-0.7398017459999999,0.0,60.0,0.0,0.0,0.0,-0.1167012260952378,-1.053226659,-0.94471659,-0.740649427,55,-0.5770552649999999
102011037,Point Clare - Koolewong,9.25445705,3.270959187,0.0,-1.494421971,-0.192364659,0.185131024,0.203885025,0.967372905,0.0,86.0,0.0,0.0,0.0,-0.16736071785921577,-1.2940788909999998,-1.000744831,-0.740649427,56,-0.33039767600000003
102011038,Saratoga - Davistown,15.05243289,4.962248322,0.0,0.474032255,-0.193058445,-0.5787880999999999,-1.013671483,1.205842163,0.0,49.0,0.0,0.0,0.0,-0.17764543519169154,-1.180017792,-0.935303845,-0.740649427,55,-0.10564360999999978
102011039,Terrigal - North Avoca,13.89927773,4.40981498,0.0,-0.515714188,0.210329255,2.165954848,0.591114903,0.238698778,0.0,99.0,0.0,0.0,0.0,-0.15044875077460976,-0.30533719600000003,0.001936566,-0.740649427,72,2.690383596
102011040,Umina - Booker Bay - Patonga,9.612731885,2.988742667,0.0,0.132675287,0.396799412,-0.389584296,0.5243309829999999,0.593410456,0.0,205.0,0.0,0.0,0.0,-0.07342289104981226,0.993508114,1.383817096,-0.740649427,80,1.2576318419999999
102011041,Wamberal - Forresters Beach,7.512024486,2.147646116,0.0,-1.091918313,-0.109894295,0.42898304,-0.270728439,0.426049322,0.0,85.0,0.0,0.0,0.0,-0.13203406372314866,-0.781440446,-0.674884582,-0.740649427,58,-0.6175086849999997
102011042,Woy Woy - Blackwall,8.223038512,2.470297882,0.0,1.10645781,0.595933224,0.026415476,-0.038817715,0.125328859,0.0,164.0,0.0,0.0,0.0,-0.11318129559660446,-0.269820403,-0.06664200099999999,-0.740649427,71,1.8153176540000002
102011043,Wyoming,13.91122778,3.900489202,0.0,-0.604699101,0.384171035,0.996465818,1.55741231,0.988291261,0.0,91.0,0.0,0.0,0.0,-0.15924093607220915,-0.6094576939999999,-0.530555834,-0.740649427,71,3.321641323
102021044,Bateau Bay - Killarney Vale,20.68600368,6.391344383,0.0,-0.547375212,-0.156040467,-0.051122704000000005,-0.035541779,0.127546391,0.0,148.0,0.0,0.0,0.0,-0.14661299438463737,0.766149717,1.115329766,-0.740649427,72,-0.662533771
102021045,Blue Haven - San Remo,5.417540515,1.72735939,0.0,0.053285696,-0.153995933,-0.915566524,-2.299213379,0.053572562,0.0,65.0,0.0,0.0,0.0,-0.09506205857252503,-0.6467566920000001,-0.371435631,-0.740649427,51,-3.2619175780000007
102021046,Budgewoi - Buff Point - Halekulani,10.30578424,3.900352828,0.0,-0.698531606,0.153485396,-0.522039822,-0.514146632,-0.498513755,0.0,84.0,0.0,0.0,0.0,-0.1542896011305715,-0.866604369,-0.360678208,-0.740649427,54,-2.0797464189999997
102021047,Chittaway Bay - Tumbi Umbi,6.407200294,2.019266092,0.0,-0.13828585599999998,-0.274793907,-0.24075137,0.372101296,-0.553825086,0.0,141.0,0.0,0.0,0.0,-0.07713639225604052,-0.095418945,0.22156727,-0.740649427,64,-0.8355549229999999
102021048,Gorokan - Kanwal - Charmhaven,20.06133879,6.722375322,0.0,1.27867419,0.032421821,0.254162661,0.763401138,0.15008043599999998,0.0,163.0,0.0,0.0,0.0,-0.14463144161478445,0.779134351,1.393678066,-0.740649427,82,2.478740246
102021049,Jilliby - Yarramalong,0.101509375,0.028059268,0.0,-0.97165216,-0.428390463,-0.668351032,-0.6972304009999999,-0.320361083,0.0,119.0,0.0,0.0,0.0,1.5644807452303238,-1.645555114,-1.55968256,-0.740649427,40,-3.085985139
102021050,Lake Munmorah - Mannering Park,3.125228905,1.197915199,0.0,0.210568518,0.128910357,-0.6925061840000001,-0.08893026,-0.6566808829999999,0.0,105.0,0.0,0.0,0.0,-0.02112314223726707,-0.6815096829999999,-0.08994974900000001,-0.740649427,59,-1.0986384519999999
102021051,Ourimbah - Fountaindale,0.4377962970000001,0.115407871,0.0,0.7519741740000001,-0.298741405,0.629369406,-0.16445246300000002,1.244495853,0.0,57.0,0.0,0.0,0.0,0.3793746517765567,-1.457659821,-1.405492842,-0.740649427,58,2.162645565
102021052,Summerland Point - Gwandalan,6.4320732110000005,2.33467698,0.0,-0.519920755,-0.026124484,-0.788790137,0.421924955,-1.4047686519999998,0.0,30.0,0.0,0.0,0.0,-0.1551759512127165,-1.342071117,-1.035258227,-0.740649427,46,-2.317679073
102021053,The Entrance,11.12426036,3.195266272,0.0,1.531668421,0.68700005,-0.151140906,-0.581086635,0.498366632,0.0,100.0,0.0,0.0,0.0,-0.13134128434859857,-0.13119033900000002,-0.011061986,-0.740649427,71,1.9848075619999996
102021054,Toukley - Norah Head,9.591332446000001,3.048850029,0.0,1.294699761,0.613884807,0.315766033,0.62277088,0.033731185,0.0,88.0,0.0,0.0,0.0,-0.148334754889034,-0.808937318,-0.557897616,-0.740649427,68,2.880852666
102021055,Tuggerah - Kangy Angy,1.967966674,0.5099475689999999,0.0,0.7095620429999999,0.040680933,-0.6486148070000001,0.269227984,-0.535459398,0.0,78.0,0.0,0.0,0.0,-0.06008688808972234,-1.396046459,-1.359325572,-0.740649427,54,-0.16460324500000018
102021056,Warnervale - Wadalba,3.815574726,1.022849149,0.0,-0.024131878,-0.058897687,0.17512928100000005,2.175075018,-0.165748285,0.0,151.0,0.0,0.0,0.0,0.016546736253896042,-0.010382321,-0.029439249,-0.740649427,72,2.1014264490000003
102021057,Wyong,6.062662143,1.865895031,0.0,-0.290835662,0.8785076759999999,-0.5036091460000001,0.606709233,0.562296241,0.0,100.0,0.0,0.0,0.0,-0.12535587431112505,-0.933437045,-0.7385326640000001,-0.740649427,63,1.2530683419999997
115011290,Baulkham Hills (East),29.33317285,7.532498796,0.0,0.015890203000000002,-0.166538128,0.477040047,0.525559798,0.169929573,0.0,138.0,0.0,0.0,0.0,-0.15961279558943092,1.008656854,0.8091914590000001,-0.740649427,76,1.021881493
115011291,Baulkham Hills (West) - Bella Vista,19.53479887,4.783362218,0.0,-0.731789687,-0.176710402,1.035326243,0.17368075600000002,-0.499935635,0.0,146.0,0.0,0.0,0.0,-0.14608831588773546,0.632611666,0.35469037,-0.740649427,69,-0.19942872500000014
115011294,Glenhaven,8.943437975,2.333010649,0.0,-1.145367594,-0.4360869570000001,0.719716932,-1.025898104,-0.111877834,0.0,70.0,0.0,0.0,0.0,-0.1650989969599492,-1.270401029,-1.239649249,-0.740649427,49,-1.9995135570000002
115011296,West Pennant Hills,16.91659216,4.525482182,0.0,-0.997291284,-0.394829528,1.019022175,0.298812908,-0.771656448,0.0,110.0,0.0,0.0,0.0,-0.1620528052983244,-0.407686664,-0.407741931,-0.740649427,60,-0.8459421770000002
115011553,Castle Hill - Central,19.253192,5.386653817999999,0.0,1.00013566,-0.357775343,-0.3608986770000001,1.859011989,0.061256556,0.0,58.0,0.0,0.0,0.0,-0.18078841220711384,-1.07626802,-0.993573216,-0.740649427,63,2.201730185
115011554,Castle Hill - East,27.43725869,7.1862934360000015,0.0,-0.216774857,-0.51784277,1.645265493,1.7160395869999998,-0.31757340300000003,0.0,49.0,0.0,0.0,0.0,-0.19137876749894994,-1.369949891,-1.328397983,-0.740649427,60,2.30911405
115011555,Castle Hill - North,18.2083639,4.836390315,0.0,0.098171392,-0.021271609,1.041464356,0.947567267,-0.698333877,0.0,84.0,0.0,0.0,0.0,-0.1672180868115143,-0.513982444,-0.5184537339999999,-0.740649427,65,1.3675975289999998
115011556,Castle Hill - South,24.15213178,6.71996124,0.0,0.176486547,-0.098190854,1.240484584,1.174718914,0.223234157,0.0,37.0,0.0,0.0,0.0,-0.18090557342486863,-0.824467959,-0.7524276679999999,-0.740649427,65,2.716733348
115011557,Castle Hill - West,32.81173594,8.037897311,0.0,-0.224838144,-0.462108435,0.803905515,0.704504705,-0.794789394,0.0,16.0,0.0,0.0,0.0,-0.19359973667030184,-1.4103040969999998,-1.406389294,-0.740649427,50,0.026674246999999873
115011558,Cherrybrook,23.65531451,5.892619076,0.0,0.188601227,-0.043218977,0.86523206,0.873783706,-1.058340939,0.0,123.0,0.0,0.0,0.0,-0.15990315165082325,0.390995632,0.183468066,-0.740649427,70,0.826057077
115011559,Kellyville,23.59834602,5.753218682000001,0.0,-0.34844874,-0.16911088600000002,0.777418141,0.141307564,-0.43633894,0.0,81.0,0.0,0.0,0.0,-0.14772857293630265,1.102986401,0.7482327329999999,-0.740649427,71,-0.035172861
115021297,Dural - Kenthurst - Wisemans Ferry,0.584308947,0.156804577,0.0,0.039051011,-0.28872134,-0.6742602879999999,-0.136340623,-0.02680845,0.0,281.0,0.0,0.0,0.0,1.721242454586247,0.714593082,0.657691096,-0.740649427,65,-1.08707969
115021298,Galston - Laughtondale,0.280543978,0.081847062,0.0,-0.434605022,-0.397317038,-0.8472057270000001,0.763401138,0.7979342229999999,0.0,58.0,0.0,0.0,0.0,0.7745747211614677,-1.409031093,-1.292539909,-0.740649427,51,-0.11779242600000017
115031299,Bilpin - Colo - St Albans,0.012735168,0.003971928,0.0,-0.135220462,-0.050749177,-1.641320575,-0.8574286990000001,0.221842702,0.0,20.0,0.0,0.0,0.0,10.801848106502026,-1.743449071,-1.611228542,-0.740649427,9,-2.462876211
115031300,Kurrajong Heights - Ebenezer,0.676299533,0.201295766,0.0,-1.132078875,-0.35901192,-1.140400366,-0.113792156,0.161597837,0.0,151.0,0.0,0.0,0.0,1.4884991485333408,0.76334911,0.998342799,-0.740649427,61,-2.5836854799999998
115041301,Pitt Town - McGraths Hill,1.353001766,0.378041005,0.0,-0.6320405579999999,-0.287365357,-1.3739733719999998,-1.047355534,0.09448164,0.0,134.0,0.0,0.0,1.0,0.21348964933372677,-0.689020403,-0.613925857,-0.740649427,51,-3.2462531809999997
115041302,Rouse Hill - Beaumont Hills,6.810732692,1.472472936,0.0,0.965487705,-0.071361909,-0.14057104199999998,0.456286591,-0.668489139,0.0,152.0,0.0,0.0,0.0,-0.015122450301825529,1.085928157,0.424613614,-0.740649427,73,0.5413522060000001
116011303,Blacktown (East) - Kings Park,22.40501567,6.32476489,0.0,0.70785817,-0.010107316,0.089624947,-1.288907167,-0.5385051670000001,0.0,123.0,0.0,0.0,1.0,-0.16130908626388085,0.180950081,0.265045184,-0.740649427,65,-1.0400365330000003
116011304,Blacktown (North) - Marayong,25.71312475,6.6544765,0.0,-0.472397946,-0.111667091,-0.144153575,-0.6778292229999999,-1.038921807,0.0,115.0,0.0,0.0,1.0,-0.16432471412956967,0.323017254,0.206327588,-0.740649427,60,-2.4449696419999998
116011306,Doonside - Woodcroft,24.45969125,5.973161134,0.0,0.21225423,-0.016879508999999997,-0.076673287,-0.542437567,0.10874498,0.0,101.0,0.0,0.0,1.0,-0.15144716810852024,0.992362411,0.657691096,-0.740649427,70,-0.314991153
116011307,Lalor Park - Kings Langley,21.88559322,6.741525424,0.0,-0.231743297,-0.369520935,-1.075185772,-0.998144322,-0.347911629,0.0,167.0,0.0,0.0,1.0,-0.14182466635465857,1.19387884,1.569830855,-0.740649427,68,-3.0225059549999997
116011308,Seven Hills - Toongabbie,22.65375346,5.518164777000001,0.0,0.459494897,0.191552843,-0.218371631,0.50376117,-0.227085927,0.0,117.0,0.0,0.0,0.0,-0.14486576405029405,1.1371028909999998,0.7751262879999999,-0.740649427,75,0.709351352
116011560,Blacktown (South),38.52039297,8.454897291,0.0,-1.105520896,-0.116114474,-0.475343679,-0.5709329879999999,-0.966056046,0.0,38.0,0.0,0.0,0.0,-0.18482283327067045,-0.446513266,-0.7228447570000001,-0.740649427,49,-3.2339680829999997
116011561,Blacktown (West),35.99786096,8.909090909,0.0,0.007304044,0.16797077600000002,-0.665266157,-0.7937354,-0.513072066,0.0,80.0,0.0,0.0,0.0,-0.1781191740287001,0.048685034,-0.128945405,-0.740649427,59,-1.7967988029999997
116021309,Glenwood,32.69974604,8.364915022,0.0,1.445705052,0.110442371,-0.171177018,-0.403663132,-0.4638082000000001,0.0,64.0,0.0,0.0,0.0,-0.17585745312943352,0.037228003,-0.076502971,-0.740649427,65,0.5174990729999998
116021310,Parklea - Kellyville Ridge,35.09630083,7.640884541,0.0,1.208367127,0.047612967,0.395274763,-0.010936653,-0.405432754,0.0,66.0,0.0,0.0,0.0,-0.15194637677547548,2.2905712190000003,1.364991607,-0.740649427,80,1.2348854500000002
116021312,Riverstone - Marsden Park,2.728245678,0.612810214,0.0,0.341752985,-0.28571607,-1.038663494,-1.306248723,-0.262107784,0.0,169.0,0.0,0.0,3.0,0.20263440781044506,0.664691351,0.185709196,-0.740649427,61,-2.550983086
116021562,Acacia Gardens,41.23548046,2.872228089,0.0,1.625052137,-0.288795435,-0.005823132,3.170592316,1.0636299,0.0,18.0,0.0,0.0,0.0,-0.19710947923695651,-1.596544485,-1.873888935,-0.740649427,64,5.564655785999999
116021563,Quakers Hill,30.85993821,3.554325438,0.0,0.33185596300000003,-0.107122595,-0.5060113470000001,-0.293520405,0.037771915,0.0,98.0,0.0,0.0,1.0,-0.16236353722367408,0.957991321,-0.758254605,-0.740649427,63,-0.537026469
116031313,Bidwill - Hebersham - Emerton,31.07793273,7.786710417999999,0.0,-0.064202677,-0.077850792,-0.4569934470000001,-0.45731078,-0.6566808829999999,0.0,109.0,0.0,0.0,0.0,-0.1708857423238385,0.31767064,0.131473858,-0.740649427,62,-1.713038579
116031314,Glendenning - Dean Park,16.83647676,4.472097997,0.0,-0.060539061,-0.113689391,-1.393810779,0.043686727,-0.876119962,0.0,52.0,0.0,0.0,0.0,-0.1757351979456894,-0.991358697,-0.964886757,-0.740649427,49,-2.400472466
116031315,Hassall Grove - Plumpton,34.53505238,8.174053183,0.0,-0.7050371240000001,-0.203164661,-0.755923295,-1.112076156,-0.37157903,0.0,88.0,0.0,1.0,0.0,-0.17032540606501118,0.6342665710000001,0.27759551,-0.740649427,59,-3.1477802660000003
116031316,Lethbridge Park - Tregear,19.52338688,5.235643916,0.0,1.4593562219999998,-0.174149203,-0.647749741,0.5733078229999999,-0.432541176,0.0,126.0,0.0,0.0,0.0,-0.14453975022697632,0.7065731609999999,0.648278351,-0.740649427,73,0.7782239249999998
116031317,Mount Druitt - Whalan,27.18857932,6.047662906,0.0,1.509926666,-0.003591506,0.278292798,-0.51178959,-1.032480842,0.0,130.0,0.0,0.0,1.0,-0.1576872764454607,0.912672402,0.358724403,-0.740649427,71,0.24035752599999993
116031318,Prospect Reservoir,0.013032712,0.001629089,0.0,-1.613912214,-0.522800785,-1.948574115,-1.362053337,-0.770390224,0.0,69.0,0.0,0.0,0.0,-0.045589460884063085,-2.088560277,-1.993565257,-0.740649427,31,-6.217730674999999
116031319,Rooty Hill - Minchinbury,14.98358862,3.46143326,0.0,0.590277455,0.065462044,-0.610451495,-0.467800678,-0.873463436,0.0,133.0,0.0,0.0,1.0,-0.12743930640076476,0.695752632,0.273113251,-0.740649427,65,-1.29597611
117011320,Banksmeadow,0.062351544,0.0,0.0,-0.08570066800000001,-0.483790163,-1.948574115,-2.299213379,-0.629244901,0.0,9.0,0.0,0.0,0.0,-0.1847769875767664,-2.0909789830000003,-1.995806387,-0.740649427,28,-5.446523226
117011321,Botany,34.03963859,7.799475372000001,0.0,-1.127887485,0.014494064,-0.9275373,-0.742071182,0.054690922,0.0,35.0,0.0,0.0,0.0,-0.18445606771943804,-0.606911687,-0.796353808,-0.740649427,49,-2.7283109810000004
117011322,Mascot - Eastlakes,43.90592052,13.21978913,0.0,0.386507282,0.144553681,-0.903554807,-0.422471692,-0.503197243,0.0,86.0,0.0,0.0,1.0,-0.17052916470458473,1.352113155,1.657234911,-0.740649427,72,-1.298162779
117011323,Pagewood - Hillsdale - Daceyville,38.78486694,10.70856044,0.0,0.602969532,0.167947588,0.024459046,0.6154812270000001,0.68429313,0.0,41.0,0.0,1.0,0.0,-0.18604538510811183,-0.553700148,-0.498731794,-0.740649427,65,2.095150523
117011324,Port Botany Industrial,0.024964337000000003,0.0,0.0,-1.203994298,-0.308504341,-1.948574115,1.171749741,-1.4047686519999998,0.0,17.0,0.0,0.0,0.0,-0.18764998439475367,-2.0927611880000003,-1.995806387,-0.740649427,34,-3.6940916649999993
117011325,Sydney Airport,0.226686118,0.0,0.0,-3.36145701,-0.698134239,-1.948574115,-2.299213379,-1.4047686519999998,0.0,12.0,0.0,0.0,2.0,-0.1565411340978594,-2.067937623,-1.995806387,-0.740649427,16,-9.712147395
117021326,Marrickville,48.55152245,13.30638225,0.029244796,1.097808151,0.119599787,-0.289101929,-0.792040587,1.58790325,9.0,80.0,0.0,0.0,2.0,-0.17232224073283214,1.499145041,1.471221151,0.310972446,85,1.7241686720000002
117021327,Petersham - Stanmore,72.03796204,16.47352647,0.003330003,0.193798445,0.326244837,0.69067556,0.471038876,2.621455069,16.0,53.0,2.0,0.0,2.0,-0.18663628516287517,0.6602358389999999,0.22156727,-0.678789317,79,4.303212787
117021328,Sydenham - Tempe - St Peters,21.95381422,4.558899844,0.0,0.818502945,-0.004542838,-1.152409622,1.005705507,1.610522864,0.0,45.0,0.0,0.0,2.0,-0.18230132010594755,-1.016564163,-1.208273434,-0.740649427,61,2.2777788560000003
117031329,Darlinghurst,144.8541424,45.67094516,0.4667444570000001,0.50479254,0.8302148979999999,1.762939887,0.6726068140000001,2.52500922,19.0,33.0,2.0,3.0,0.0,-0.19756793617599705,-0.513345942,-0.241450112,1.733754979,89,6.295563358999999
117031330,Erskineville - Alexandria,41.25462963,10.125,0.034722222000000004,1.145883516,0.026519254,-0.779743966,-0.06649316200000001,2.373640257,11.0,79.0,0.0,17.0,2.0,-0.1799275319549155,0.175094265,-0.035266186,0.187252225,77,2.6998058990000002
117031331,Glebe - Forest Lodge,93.79669852,22.03735882,0.0,0.267324535,0.403688015,1.216305246,1.883012675,2.235107574,21.0,56.0,5.0,5.0,0.0,-0.19020715532140195,0.655016525,0.27804373600000004,-0.740649427,85,6.005438045
117031332,Newtown - Camperdown - Darlington,83.66351722,15.48003657,0.030478513,0.914343442,0.664561002,2.693616497,1.20771827,4.027804241,41.0,55.0,14.0,7.0,1.0,-0.1852201626178389,1.400741883,0.280733092,-0.122048325,100,9.508043451999999
117031333,Potts Point - Woolloomooloo,163.1871145,59.97943797,0.061686086,-0.5441440120000001,0.668417388,-0.072339032,-0.125332511,2.60516226,39.0,37.0,2.0,10.0,1.0,-0.19450136865041484,0.937241366,1.926618692,-0.183908436,84,2.531764093
117031334,Pyrmont - Ultimo,161.5224681,50.96579477,0.0,-0.191912248,0.27816951100000004,-0.577534291,0.361593589,0.073780951,19.0,41.0,5.0,10.0,0.0,-0.19433836173875602,0.972121658,1.410262425,-0.740649427,72,-0.05590248799999996
117031335,Redfern - Chippendale,118.0674988,33.425797499999994,0.060101711,-0.287761198,0.26433451,-0.20638117,1.622236444,2.644455356,29.0,51.0,2.0,9.0,2.0,-0.19091521659392008,1.157343644,1.2448670590000002,0.063532005,88,4.036883942
117031336,Surry Hills,137.26443769999997,38.29787234,0.478723404,-0.287749674,0.438965569,-0.377905255,1.513036909,1.642764475,45.0,31.0,4.0,9.0,0.0,-0.19522980578689036,0.205900946,0.26325228100000003,3.156537512,90,2.929112024
117031337,Sydney - Haymarket - The Rocks,72.23386909,20.87817377,0.002329373,-1.108612864,0.018693859,-1.075219497,0.058129328,-0.732885496,17.0,183.0,29.0,14.0,7.0,-0.18006506903662764,1.853931073,2.0216425890000003,-0.678789317,74,-2.8398946699999996
117031338,Waterloo - Beaconsfield,105.9173415,35.02932142,0.0,1.399715914,0.369367193,-0.523493985,-0.953093404,0.682195873,4.0,87.0,2.0,13.0,0.0,-0.18369197282103716,2.734722085,3.62673963,-0.740649427,92,0.9746915909999998
118011339,Bondi - Tamarama - Bronte,81.37019231,23.68990385,0.008012821,-0.452884971,0.056851776,0.5977972220000001,0.562780948,3.244821291,8.0,57.0,0.0,0.0,0.0,-0.18921892591947015,0.4918174970000001,0.654553514,-0.616929207,80,4.009366266
118011340,Bondi Beach - North Bondi,93.33197887,26.35514019,0.0,0.5521384570000001,0.227898762,-0.074228086,1.279585488,3.152901607,17.0,56.0,1.0,0.0,0.0,-0.189397214729097,0.830309085,0.91138697,-0.740649427,85,5.138296228
118011341,Bondi Junction - Waverly,72.58818866,17.35632184,0.027744748,0.053013149,0.144037305,1.962620315,0.667824295,0.8905852259999999,8.0,84.0,1.0,0.0,1.0,-0.18908138883775796,0.23772603,-0.033025056000000004,-0.307628656,78,3.7180802899999996
118011342,Centennial Park,0.015159171,0.0,0.0,0.0,0.0,0.0,0.0,0.0,0.0,7.0,0.0,1.0,0.0,-0.1918525063359585,-2.093270389,-1.995806387,-0.740649427,43,0.0
118011343,Double Bay - Bellevue Hill,57.29529062,19.48875689,0.004242681,-0.21429699,-0.124874939,1.634825425,-0.399732964,0.555531514,3.0,118.0,1.0,3.0,1.0,-0.17792050935511586,1.344602436,2.122045196,-0.616929207,84,1.451452046
118011344,Dover Heights,61.90807055,18.61036879,0.0,-0.345198461,-0.187454275,0.938349654,0.53147499,0.7166694570000001,0.0,49.0,0.0,0.0,0.0,-0.19240265466280712,-0.61913252,-0.435083712,-0.740649427,64,1.6538413650000001
118011345,Paddington - Moore Park,44.71677852,7.55704698,0.048322148,1.10851141,-0.007620838,0.524548675,0.364254057,2.88795315,9.0,52.0,3.0,1.0,0.0,-0.1829584417185723,0.026789376,-0.734050405,0.372832556,80,4.877646454000001
118011346,Rose Bay - Vaucluse - Watsons Bay,24.7838785,7.141744547999999,0.0,-0.254710705,-0.122680851,0.953264875,0.103761088,0.980928,0.0,99.0,0.0,1.0,0.0,-0.17577085570761475,-0.473246337,-0.35171369,-0.740649427,67,1.660562407
118011347,Woollahra,64.3715847,15.30054645,0.601092896,0.34239516,-0.267401765,1.7070918000000002,0.183628737,1.345426845,0.0,25.0,0.0,0.0,0.0,-0.19540809459651723,-1.043933735,-1.117283571,4.022579054,84,3.3111407770000003
118021348,Coogee - Clovelly,72.28623566,22.07247132,0.007820647,-0.8425961809999999,-0.035596449,1.215327421,1.594971968,2.343344381,7.0,91.0,0.0,0.0,0.0,-0.18239301149375567,1.436258676,1.799322529,-0.555069096,91,4.27545114
118021350,Malabar - La Perouse - Chifley,22.06765328,4.97167019,0.0,-1.193206985,0.051903315,-0.080870883,0.390783039,0.416132391,0.0,130.0,0.0,0.0,0.0,-0.1416973172049251,1.22824993,0.639313833,-0.740649427,71,-0.4152591230000001
118021564,Kensington (NSW),61.66161998,16.16199849,0.034065102,-0.433946069,0.326892109,1.601911237,1.705744067,1.740013298,6.0,35.0,0.0,0.0,0.0,-0.18847520688502664,-0.019802546,-0.081881682,-0.183908436,79,4.940614642
118021565,Kingsford,83.71400199,23.54021847,0.024826216,0.521975871,0.635598875,1.579151715,0.637755415,0.854413784,3.0,43.0,0.0,0.0,0.0,-0.19167421752633163,0.052631344,0.129232729,-0.431348876,77,4.22889566
118021566,Maroubra - North,57.63114301,15.1960243,0.011043622,-0.711389078,-0.291782028,1.765721183,-0.824426474,0.319579006,0.0,37.0,0.0,0.0,0.0,-0.19270829262216746,-0.765018703,-0.762288638,-0.616929207,58,0.2577026090000002
118021567,Maroubra - South,54.78934625,15.75786925,0.00968523,-0.156083838,0.081125558,0.8340483329999999,0.180045992,1.504197684,0.0,58.0,0.0,0.0,0.0,-0.19141442526087532,-0.653376309,-0.537279223,-0.616929207,67,2.443333729
118021568,Maroubra - West,53.75855327,14.33040078,0.009775171,-0.653621157,0.574126654,0.655417055,0.888405813,0.273481157,2.0,33.0,0.0,0.0,0.0,-0.19151121061467277,-0.693475915,-0.6816079709999999,-0.616929207,63,1.737809522
118021569,Randwick - North,93.0785124,29.04442149,0.108471074,-1.085452391,-0.17363245300000002,0.957329075,0.75218277,1.048057992,7.0,60.0,0.0,0.0,0.0,-0.1920715468735001,0.200299732,0.524567996,0.558412886,77,1.498484993
118021570,Randwick - South,42.211681,11.62763119,0.062259117,-0.3699395270000001,0.377377678,4.437931054,1.154419682,1.0084635990000002,7.0,57.0,0.0,0.0,0.0,-0.1847515177468197,-0.281150132,-0.237864305,0.558412886,87,6.608252486
119011354,Bass Hill - Georges Hall,25.96904441,6.212427097000001,0.0,0.912429721,0.195208769,-0.410914868,-0.389240467,-0.614668708,0.0,168.0,0.0,0.0,0.0,-0.15651566426791272,0.853859647,0.486917018,-0.740649427,71,-0.30718555299999994
119011355,Chullora,3.024691358,0.456790123,0.0,3.904320639,-0.321073047,-1.662244651,-1.291514409,-1.4047686519999998,0.0,22.0,0.0,0.0,0.0,-0.1813029027720371,-1.937709381,-1.91288459,-0.740649427,45,-0.7752801200000001
119011356,Condell Park,12.17512995,2.195121951,0.0,1.241522018,-0.284086118,-1.177649588,-1.093361069,-0.972630758,0.0,123.0,0.0,0.0,0.0,-0.1509734292715117,-0.54313422,-1.011502253,-0.740649427,53,-2.286205515
119011357,Greenacre - Mount Lewis,39.51303351,7.330277857,0.0,0.911097403,-0.157024981,-0.320971862,-1.047162555,-1.023378815,0.0,170.0,0.0,0.0,0.0,-0.16636739449129465,1.418309329,0.298213903,-0.740649427,68,-1.6374408100000002
119011358,Padstow,26.45106775,6.498694116,0.0,0.340142894,-0.170374678,-0.479100663,-0.209670364,-0.414657393,0.0,94.0,0.0,0.0,2.0,-0.16877684040425206,0.098077563,-0.099810719,-0.740649427,62,-0.9336602039999999
119011359,Panania - Milperra - Picnic Point,18.67347648,4.669585157,0.0,-0.508038585,-0.101120685,-0.139130975,-0.619715096,0.174229825,0.0,141.0,0.0,0.0,1.0,-0.1286262004762808,1.32728959,1.016271836,-0.740649427,71,-1.1937755159999999
119011360,Revesby,33.50873748,7.402316906,0.0,0.795405018,-0.197658156,0.205026657,-0.218617028,0.003619866,0.0,109.0,0.0,0.0,1.0,-0.17598989624515632,0.078855213,-0.305994645,-0.740649427,66,0.5877763569999999
119011361,Yagoona - Birrong,39.26978417,9.224820144,0.0,1.3594180569999998,-0.203889125,-0.470769033,-0.207829681,-1.032218483,0.0,125.0,0.0,0.0,2.0,-0.17361101412813496,0.6858232059999999,0.303144388,-0.740649427,68,-0.5552882650000003
119011571,Bankstown - North,63.18132069,16.62531923,0.0,0.41736443,-0.1487111,1.107351465,0.276817523,-1.172267853,0.0,63.0,0.0,0.0,1.0,-0.18797090425208204,0.110934897,0.046759158,-0.740649427,66,0.4805544650000002
119011572,Bankstown - South,38.33597106,8.912502826,0.0,1.290470374,-0.028855358,-0.226606552,-0.651769809,-0.873730289,0.0,81.0,0.0,0.0,0.0,-0.17940285345801357,0.064852176,-0.228899786,-0.740649427,62,-0.49049163399999995
119021362,Belmore - Belfield,44.5879486,11.87195392,0.0,0.818319838,0.040742505,-0.75437969,-1.053936178,-0.080136399,0.0,92.0,0.0,0.0,1.0,-0.1789393025529837,0.468521536,0.406236351,-0.740649427,65,-1.0293899240000002
119021363,Canterbury (South) - Campsie,68.87191293,18.43030557,0.0,0.949981887,0.044227833,-0.119683996,-0.83521633,-0.960526055,0.0,88.0,0.0,0.0,1.0,-0.17759449553179815,2.095419807,1.951271118,-0.740649427,77,-0.9212166609999999
119021364,Kingsgrove (North) - Earlwood,30.73762497,8.591806876,0.0,-0.053938531,-0.108668012,-0.493796894,-0.373781839,0.017073174,0.0,129.0,0.0,0.0,1.0,-0.16015275598430087,1.115716435,1.162841714,-0.740649427,71,-1.013112102
119021366,Punchbowl,41.81280976,9.166984369,0.0,0.394972769,-0.189336099,-0.829337168,-1.148087886,-1.063862081,0.0,119.0,0.0,0.0,1.0,-0.17521051944878743,0.69868054,0.159712092,-0.740649427,60,-2.8356504649999996
119021367,Roselands,39.22380691,9.821722436,0.0,0.931283707,-0.022041228,-1.149943091,-0.960795724,-0.226973798,0.0,101.0,0.0,0.0,0.0,-0.1833608650317301,-0.273130211,-0.390709345,-0.740649427,59,-1.428470134
119021573,Lakemba,83.63968907,21.42203932,0.0,-0.05095309,-0.204945992,-0.381733923,-0.326622398,-1.222685291,0.0,60.0,0.0,0.0,1.0,-0.19079296141017596,0.234925422,0.104132077,-0.740649427,59,-2.1869406939999996
119021574,Wiley Park,79.18162240000002,21.07681263,0.0,0.031212375,-0.486192701,-0.778084439,-1.0977261459999998,-1.4047686519999998,0.0,25.0,0.0,0.0,1.0,-0.19483757040571123,-0.6895296040000001,-0.679815068,-0.740649427,45,-3.735559563
119031368,Hurstville,70.71978022,18.38186813,0.0,1.778380627,0.29807857,0.287537461,-0.263270774,-0.945381421,0.0,122.0,0.0,0.0,1.0,-0.18339142882766613,1.183312912,1.003273285,-0.740649427,77,1.155344463
119031369,Mortdale - Penshurst,41.19522564,11.55330281,0.0,0.061114727,0.189242755,0.433132355,-0.391092292,-0.728196739,0.0,116.0,0.0,0.0,1.0,-0.17077876903806238,1.113679629,1.171358007,-0.740649427,73,-0.43579919400000006
119031370,Narwee - Beverly Hills,43.0168092,11.07637865,0.0,0.803330398,0.338155005,0.113939718,-0.06575284,-0.396858852,0.0,79.0,0.0,0.0,2.0,-0.1846598263590116,-0.236722316,-0.312269808,-0.740649427,65,0.7928134289999997
119031371,Oatley - Hurstville Grove,30.77152698,8.78989667,0.0,0.32081473,-0.17475079300000002,0.623111939,0.580558481,-0.105193295,0.0,51.0,0.0,0.0,2.0,-0.17974924314528865,-0.3877005120000001,-0.279997542,-0.740649427,65,1.244541062
119031372,Peakhurst - Lugarno,25.69371552,6.584578119,0.0,-0.208394533,-0.304036108,-0.818689155,-0.794598632,-0.434771056,0.0,143.0,0.0,0.0,0.0,-0.16408020376208138,0.33689299,0.19736307,-0.740649427,61,-2.5604894839999996
119031373,Riverwood,43.27082582,13.05445366,0.0,0.7343511070000001,0.616866668,-0.024238793,1.117515942,-0.909160505,0.0,71.0,0.0,0.0,1.0,-0.1878078973404232,-0.566175581,-0.373228534,-0.740649427,66,1.5353344189999998
119031374,South Hurstville - Blakehurst,40.69931189,10.9393503,0.0,-0.522084911,-0.043805278,0.687924909,-0.812224229,-0.599515506,0.0,122.0,0.0,0.0,0.0,-0.17010127156148025,1.1439771090000002,1.068266044,-0.740649427,70,-1.289705015
119041375,Arncliffe - Bardwell Valley,49.81574204,13.24053675,0.0,0.476819675,0.059119883,-0.695288173,-0.310040163,-0.468071084,0.0,62.0,0.0,0.0,3.0,-0.17649929284409024,1.072688922,0.967415211,-0.740649427,69,-0.9374598619999999
119041376,Bexley,53.42932929,12.74346343,0.0,0.217785772,-0.155357129,-0.27803911600000003,-0.614200795,-0.46252427,0.0,147.0,0.0,0.0,0.0,-0.1750475125371286,1.496217134,1.018961192,-0.740649427,72,-1.2923355380000001
119041377,Kingsgrove (South) - Bardwell Park,35.55056773,10.21653024,0.0,0.679108994,0.271918729,0.360267516,-0.106573588,0.079463838,0.0,124.0,0.0,0.0,2.0,-0.1826426158272333,-0.379807891,-0.261620279,-0.740649427,67,1.2841854889999997
119041378,Kogarah,55.07207207,16.08558559,0.0,-0.169594368,0.106478188,3.363474817,-0.6944872790000001,-0.31850422,0.0,45.0,0.0,0.0,1.0,-0.19062486053252775,-0.537278405,-0.395191605,-0.740649427,66,2.2873671379999996
119041379,Kogarah Bay - Carlton - Allawah,48.3671139,14.95575221,0.0,-0.635118171,-0.004659799,-0.302934687,0.274836397,0.05885989,0.0,69.0,0.0,0.0,2.0,-0.1840893021682056,0.063197272,0.35244924,-0.740649427,64,-0.6090163699999999
119041380,Monterey - Brighton-le-Sands - Kyeemagh,44.18934911,13.75443787,0.0,-0.198866769,0.125148305,-0.165842338,0.221882357,-0.396341217,0.0,70.0,0.0,0.0,0.0,-0.18471585998489432,-0.192294499,0.087995944,-0.740649427,63,-0.41401966200000007
119041381,Rockdale - Banksia,60.74384787,17.03020134,0.0,1.564732335,0.206596438,-0.612689158,-0.7320561179999999,-0.29341928,0.0,79.0,0.0,0.0,2.0,-0.18371744265098386,0.6715655690000001,0.733889503,-0.740649427,70,0.13316421700000008
119041382,Sans Souci - Ramsgate,37.06201214,10.0954033,0.0,0.150661034,0.294923693,-0.103867772,0.364254057,0.269392851,0.0,96.0,0.0,0.0,0.0,-0.17844009388602847,0.082292322,0.091133525,-0.740649427,69,0.975363863
120011383,Concord - Mortlake - Cabarita,36.50735876,10.78018674,0.0,-0.423087502,0.064772204,0.948072338,0.647830779,-0.224113126,0.0,105.0,0.0,0.0,0.0,-0.16974469394222652,0.8430391190000001,1.057508622,-0.740649427,76,1.013474693
120011384,Concord West - North Strathfield,52.48285322,16.39623751,0.0,-0.064202677,0.525267578,0.16067203300000002,-0.07502910900000001,-0.463777748,0.0,76.0,0.0,0.0,3.0,-0.17593895658526293,1.31570526,1.7544999369999998,-0.740649427,76,0.08293007700000005
120011385,Drummoyne - Rodd Point,52.32118758,16.634278,0.0,0.320966617,0.07550510099999999,1.115922549,-0.244909793,0.210110673,1.0,68.0,0.0,0.0,0.0,-0.1830603210383591,0.374064688,0.7666099959999999,-0.740649427,73,1.477595147
120011386,Five Dock - Abbotsford,46.95238095,14.71861472,0.0,0.308276529,0.007191991,0.8936668870000001,0.131119431,0.039736307,0.0,100.0,0.0,0.0,0.0,-0.17839934215811376,0.667746559,1.052129911,-0.740649427,76,1.379991145
120021387,Balmain,65.30983734,9.659178931,0.0464756,-0.930218465,0.06322098,1.307035346,0.137192015,2.16115843,8.0,39.0,1.0,0.0,0.0,-0.18878084484438698,0.053013245,-0.8779309270000001,0.001671895,70,2.738388306
120021388,Leichhardt - Annandale,63.51073345,10.12969589,0.031305903,0.434903385,0.187705934,1.036699443,0.455766317,3.146825449,14.0,72.0,2.0,3.0,0.0,-0.17915324912453595,1.521931801,0.034657058,0.125392115,88,5.261900528
120021389,Lilyfield - Rozelle,42.04217536,7.866259711,0.0,-0.162955718,0.011757173,0.469861727,1.339233818,1.527281764,6.0,47.0,1.0,0.0,0.0,-0.18357481160328235,-0.164797627,-0.7250858859999999,-0.740649427,69,3.185178764
120031390,Ashfield,71.18528609999998,21.44414169,0.016348774,0.677552535,0.3644927570000001,0.342282189,0.989911919,-0.26438627,4.0,101.0,0.0,0.0,1.0,-0.18323860984798596,1.23206894,1.531731651,-0.369488766,84,2.1098531300000003
120031391,Burwood - Croydon,59.03405297,15.69775206,0.0,1.011174491,0.249886739,1.009525469,0.5308644020000001,-0.70537723,0.0,92.0,0.0,1.0,2.0,-0.17904627583875982,1.282861774,1.16553107,-0.740649427,80,2.096073871
120031392,Canterbury (North) - Ashbury,37.73117569,10.87516513,0.0,-0.881243835,-0.012134533,-0.110002874,-0.322082488,1.271933576,0.0,58.0,0.0,0.0,2.0,-0.1865089360131417,-0.639245972,-0.519798412,-0.740649427,59,-0.05353015400000016
120031393,Croydon Park - Enfield,45.14983631,10.73784941,0.0,0.335272367,0.156054385,-0.454980518,-0.6972304009999999,-0.727013921,0.0,61.0,0.0,0.0,0.0,-0.18170532608519488,0.188715401,-0.084571038,-0.740649427,60,-1.3878980879999998
120031394,Dulwich Hill - Lewisham,66.26202813,21.36195411,0.007401925,0.390162223,0.08010824700000001,0.253097611,0.963310702,1.171761081,3.0,52.0,0.0,0.0,2.0,-0.18816956892566628,0.185532893,0.591353659,-0.616929207,76,2.858439864
120031395,Haberfield - Summer Hill,40.95251799,12.08633094,0.014388489,-0.318468558,0.296294308,1.429686201,0.38171709,1.4357317719999998,3.0,69.0,0.0,0.0,1.0,-0.18423193321590708,-0.282041235,-0.113257497,-0.431348876,74,3.224960813
120031396,Homebush,46.34400208,12.505854800000002,0.0,1.732467644,0.167404675,-0.618394042,-0.903974326,-0.808268014,0.0,46.0,0.0,0.0,2.0,-0.18235735373183026,0.173566661,0.158367414,-0.740649427,63,-0.43076406300000003
120031575,Strathfield,41.55765654,11.44141352,0.0,-0.463617128,0.050901316,2.962905675,-0.016455172,-1.16704018,0.0,153.0,0.0,0.0,1.0,-0.1690671964656444,1.31965157,1.3129973999999998,-0.740649427,80,1.3666945109999997
120031576,Strathfield South,15.03385106,3.835125448,0.0,0.088979871,-0.05667038200000001,-0.730800938,-0.122302712,-0.483777903,0.0,24.0,0.0,0.0,0.0,-0.18914251642963006,-1.613093529,-1.56416482,-0.740649427,46,-1.304572064
121011398,Chatswood (East) - Artarmon,60.73007103,19.16140489,0.01578532,-0.317332691,0.119957653,1.126541803,0.236960681,-0.457581749,10.0,95.0,0.0,0.0,2.0,-0.1761172453948898,1.824397395,2.356915581,-0.245768546,85,0.7085456969999999
121011399,Chatswood (West) - Lane Cove North,41.13418819,13.23279754,0.0,-0.8123641140000001,-0.309767323,0.676886082,0.5698161039999999,0.365961698,1.0,106.0,0.0,0.0,0.0,-0.17372817534588972,0.8057401209999999,1.288344974,-0.740649427,75,0.4905324469999997
121011400,Lane Cove - Greenwich,31.60225265,9.966872792,0.00110424,-0.679724652,-0.202816084,1.952037572,0.397297336,0.697104246,1.0,191.0,0.0,0.0,0.0,-0.15580250902940523,1.549555974,2.049880822,-0.678789317,87,2.163898418
121011401,St Leonards - Naremburn,41.2893879,14.11807316,0.007243751999999998,-1.126030344,-0.114997711,0.5635617470000001,0.597880878,-0.119917343,2.0,26.0,1.0,0.0,1.0,-0.18786902493229526,-0.642428481,-0.248621727,-0.616929207,58,-0.19950277300000008
121011402,Willoughby - Castle Cove - Northbridge,24.97953869,7.135416667,0.0,-0.726353512,-0.109837448,0.5044836570000001,0.321166208,0.305658506,0.0,144.0,0.0,0.0,0.0,-0.14716314271148598,1.325380085,1.4429829180000002,-0.740649427,77,0.29511741100000016
121021403,Asquith - Mount Colah,5.508721349,1.592619288,0.0,-0.506748071,-0.326566654,-0.537785234,1.114283464,-0.004374771,0.0,188.0,0.0,0.0,3.0,-0.025249254688631796,0.338675195,0.480193629,-0.740649427,69,-0.2611912659999998
121021404,Berowra - Brooklyn - Cowan,1.477707785,0.445477341,0.0,-0.409523232,-0.263749555,-0.524181765,0.6909744440000001,1.333726814,0.0,104.0,0.0,0.0,1.0,0.21452372442956266,-0.5557369529999999,-0.363367564,-0.740649427,63,0.8272467060000002
121021406,Normanhurst - Thornleigh - Westleigh,19.18402082,5.173207849,0.0,-0.310880058,-0.359272825,-0.018661761,0.232598872,-0.613773106,0.0,162.0,0.0,0.0,2.0,-0.15105493272734113,0.345549413,0.32017697300000003,-0.740649427,66,-1.0699888780000002
121021577,Hornsby - East,48.92175944,17.29855975,0.0,1.010137228,0.01460338,0.965754856,1.998789734,-0.87578935,0.0,39.0,0.0,0.0,1.0,-0.18884706640224838,-0.49374169,-0.003890371,-0.740649427,70,3.1134958480000003
121021578,Hornsby - West,17.82988871,5.200317965,0.0,-0.441395011,0.158250242,-0.066086702,2.519090181,-0.181673996,0.0,82.0,0.0,0.0,0.0,-0.16989241895591736,-0.665979043,-0.5296593820000001,-0.740649427,66,1.9881847140000002
121021579,Waitara - Wahroonga (West),49.21401515,15.23200758,0.0,-0.018473181,-0.09440355,0.104925752,-0.282369673,-0.039535306,0.0,40.0,0.0,0.0,1.0,-0.19117500885937638,-0.770492617,-0.5538635820000001,-0.740649427,57,-0.329855958
121031407,Gordon - Killara,19.47990746,5.83497558,0.0,-0.323865842,-0.10104266,2.0542234230000003,0.02789563,-0.617140238,0.0,92.0,0.0,0.0,2.0,-0.1424817879672833,0.8005208070000001,1.05661217,-0.740649427,75,1.0400703130000002
121031408,Lindfield - Roseville,20.67525469,6.249052791,0.0,-0.299973455,-0.021122689,1.7762937630000002,0.213729173,-0.157331629,0.0,170.0,0.0,0.0,2.0,-0.14143243097347943,1.032334716,1.330926437,-0.740649427,80,1.5115951630000002
121031409,Pymble,16.79543459,4.853185055,0.0,-1.181194164,-0.335268878,1.67167804,1.139653648,0.08503831199999999,0.0,124.0,0.0,0.0,1.0,-0.14971521967214493,0.098077563,0.234117596,-0.740649427,71,1.3799069579999999
121031410,St Ives,12.33322083,3.5015187310000004,0.0,0.276209582,-0.29397078600000004,1.008923637,2.348618628,-0.031079684,0.0,130.0,0.0,0.0,0.0,-0.11137293767038906,0.6975348370000001,0.794400003,-0.740649427,81,3.308701377
121031411,Turramurra,9.667199535,2.952574723,0.0,-0.342500056,-0.28273415,1.057991251,1.632603186,0.473943376,0.0,141.0,0.0,0.0,1.0,-0.09677872511093233,0.446753179,0.7361306329999999,-0.740649427,78,2.539303607
121031412,Wahroonga (East) - Warrawee,14.10444961,4.048172882,0.0,-1.1105846,-0.208375987,2.452341737,0.245836394,-0.32187561800000003,0.0,114.0,0.0,0.0,2.0,-0.13404618028893764,0.299212091,0.422372484,-0.740649427,71,1.0573419259999997
121041413,Cremorne - Cammeray,63.31583822,22.19820932,0.009262118,-1.672266082,-0.166587299,0.903240926,0.7203415320000001,0.917940882,3.0,63.0,0.0,0.0,0.0,-0.18543410918939113,0.517022963,1.226938022,-0.555069096,74,0.7026699590000002
121041414,Crows Nest - Waverton,65.33941236,21.13812901,0.003377237,-0.683227437,0.125778883,0.752099327,0.763401138,0.632619808,6.0,66.0,0.0,0.0,2.0,-0.18685023173442744,0.369227275,0.809639685,-0.678789317,74,1.590671719
121041415,Mosman,35.21965318,11.15722543,0.003468208,-0.880910812,-0.146458123,1.059510973,0.582991625,0.646293216,3.0,199.0,0.0,0.0,0.0,-0.15787065922107693,1.7845523909999998,2.330022026,-0.555069096,87,1.261426879
121041416,Neutral Bay - Kirribilli,86.8611488,33.00768883,0.058796924,-0.440769328,0.052771572,0.35778878,0.855108955,0.8408838609999999,19.0,50.0,0.0,0.0,0.0,-0.1906707062264318,0.351150628,1.275346422,0.063532005,78,1.66578384
121041417,North Sydney - Lavender Bay,61.75026123,21.31138976,0.041797283,-1.663015666,-0.159074976,-0.704200235,-0.15741670800000002,-0.244915868,21.0,60.0,3.0,0.0,2.0,-0.19218361412526552,-0.589089641,-0.167492834,-0.245768546,55,-2.928623453
122011418,Balgowlah - Clontarf - Seaforth,28.2325887,7.583442838,0.0,-0.734908978,0.012043298,0.213667394,0.326887873,0.7364908490000001,0.0,141.0,0.0,0.0,0.0,-0.16316838384998966,0.64139539,0.590905433,-0.740649427,72,0.5541804360000001
122011419,Manly - Fairlight,35.66740906,11.24276169,0.004454343,-0.332379363,0.160999687,0.21500289600000005,0.876717876,0.639339616,10.0,101.0,0.0,0.0,0.0,-0.16762560409066143,0.964356337,1.398160325,-0.555069096,80,1.559680712
122021420,Avalon - Palm Beach,15.2614455,4.787357657,0.0,-0.479221668,-0.205008899,-0.457647649,0.059956866,0.7428666509999999,0.0,108.0,0.0,0.0,0.0,-0.15809479372460786,-0.421689701,-0.149115571,-0.740649427,63,-0.33905469899999985
122021421,Bayview - Elanora Heights,1.758512302,0.499357416,0.0,-0.961297381,-0.285315119,-1.034248669,0.458942403,0.877168139,1.0,80.0,0.0,0.0,0.0,0.12705014046063054,-0.647902395,-0.550277775,-0.740649427,57,-0.944750627
122021422,Newport - Bilgola,24.03414971,7.5491548810000015,0.0,-0.128716725,-0.183548327,-0.278955537,1.534774699,0.513487,0.0,60.0,0.0,1.0,0.0,-0.17239865022267223,-0.319722134,-0.033921508,-0.740649427,67,1.45704111
122021423,Warriewood - Mona Vale,21.91288691,5.678641859,0.0,-0.078163002,-0.141372807,-0.160530338,-0.149953337,0.106055866,0.0,145.0,0.0,0.0,0.0,-0.14252253969519804,1.15976235,0.972793922,-0.740649427,73,-0.423963618
122031424,Beacon Hill - Narraweena,33.68578669,9.027873762,0.0,-0.178591379,-0.150692404,-0.620606372,-0.13174291400000002,0.062426325,0.0,58.0,0.0,0.0,0.0,-0.17982055866913937,-0.232139504,-0.239208982,-0.740649427,59,-1.019206744
122031425,Cromer,10.48451682,2.999199146,0.0,-0.882670065,-0.399694317,-1.098723898,1.024049182,-0.617419539,0.0,56.0,0.0,0.0,0.0,-0.16376947183673166,-1.093708165,-0.988642731,-0.740649427,50,-1.9744586370000001
122031426,Dee Why - North Curl Curl,65.87036582,22.84065799,0.0,-0.39215172,0.035752163,0.424056482,1.390393087,0.479350177,0.0,79.0,0.0,0.0,0.0,-0.18118574155428227,1.321688375,2.174039403,-0.740649427,84,1.9374001889999999
122031427,Forestville - Killarney Heights,15.00951741,4.332101668,0.0,-0.196689976,-0.102774462,-0.05540891,0.7504019259999999,0.210796105,0.0,46.0,0.0,0.0,0.0,-0.15643925477807263,-0.387191311,-0.261620279,-0.740649427,62,0.606324683
122031428,Frenchs Forest - Belrose,8.802270012000001,2.35298022,0.0,-0.821936015,-0.271503326,-0.621191749,1.0262953890000002,-0.26135817,0.0,159.0,0.0,0.0,0.0,-0.04844208183809302,1.282734473,1.182115429,-0.740649427,72,-0.949693871
122031429,Freshwater - Brookvale,31.6327951,9.853841871,0.0,0.5038423679999999,-0.232761591,-0.7051625579999999,1.385859287,0.388141626,0.0,147.0,0.0,0.0,0.0,-0.16533841336144814,0.7992478040000001,1.177184944,-0.740649427,78,1.339919132
122031430,Manly Vale - Allambie Heights,19.06243318,5.686337396,0.0,-0.67351731,-0.212702131,-0.039632378,2.231114226,-0.010836707,0.0,87.0,0.0,0.0,0.0,-0.15428450716458214,0.176239968,0.388307314,-0.740649427,71,1.2944257
122031431,Narrabeen - Collaroy,36.72298241,11.34599274,0.0,-0.522879456,-0.17965547,-0.534516798,0.563138548,0.31262401,0.0,98.0,0.0,0.0,0.0,-0.16545048061321357,1.254473799,1.646477489,-0.740649427,75,-0.3612891660000001
122031432,Terrey Hills - Duffys Forest,0.5381038779999999,0.145441143,0.0,-0.207399848,0.221550547,-0.653187645,0.079365408,0.026429155,0.0,54.0,0.0,0.0,0.0,0.15741527172308126,-1.610420222,-1.535926586,-0.740649427,49,-0.533242383
123011433,Camden - Ellis Lane,5.115488871,1.4488603830000002,0.0,-0.104877468,0.033572303,0.593727158,0.037537383,-0.239243981,0.0,76.0,0.0,0.0,0.0,-0.06850721387009996,-0.387955113,-0.294788997,-0.740649427,63,0.320715395
123011434,Elderslie - Harrington Park,10.63738916,2.829023722,0.0,-0.311640611,-0.147348519,-0.438223671,0.24494807,0.255907861,0.0,109.0,0.0,0.0,0.0,-0.09220434365250577,0.8233075670000001,0.735682407,-0.740649427,70,-0.39635687000000003
123011435,Mount Annan - Currans Hill,11.62240759,3.146858499,0.0,-0.414020193,-0.268862996,-0.771437548,-0.599612287,0.148388544,0.0,144.0,0.0,0.0,0.0,-0.06880775786347099,1.77296806,1.690403629,-0.740649427,73,-1.90554448
123021436,Bradbury - Wedderburn,5.352466172,1.47370144,0.0,-0.472182946,-0.333440654,-0.244341146,0.949608101,0.625242317,0.0,117.0,0.0,0.0,0.0,-0.01520904772364431,0.403980266,0.425510066,-0.740649427,70,0.5248856719999998
123021437,Campbelltown - Woodbine,14.06677335,3.898748909,0.0,2.58393622,0.297164613,2.173979118,0.118917464,-0.192271657,0.0,169.0,0.0,0.0,2.0,-0.13190162060742588,0.368208872,0.4066845770000001,-0.740649427,84,4.981725758
123021438,Claymore - Eagle Vale - Raby,9.150848715,2.270803334,0.0,-0.8607615940000001,-0.43247749,-0.813830927,0.26456619800000003,-0.470288644,0.0,102.0,0.0,0.0,0.0,-0.08519504645117508,0.5759630179999999,0.336761333,-0.740649427,61,-2.312792457
123021439,Holsworthy Military Area,0.0,0.0,0.0,0.0,0.0,0.0,0.0,0.0,0.0,0.0,0.0,0.0,0.0,0.4593804816051176,-2.09365229,-1.995806387,-0.740649427,35,0.0
123021440,Ingleburn - Denham Court,7.036773505,1.481289822,0.0,-0.070914645,-0.287684423,-0.610366373,-1.1068978040000002,-0.70528438,0.0,121.0,0.0,0.0,2.0,-0.04443313060448308,0.67602108,0.057068355,-0.740649427,60,-2.781147625
123021441,Leumeah - Minto Heights,7.202909582999999,2.111985114,0.0,-0.29110012,-0.184712704,-0.389063712,1.359781418,0.298052897,0.0,103.0,0.0,0.0,1.0,-0.08148154524494683,0.074527001,0.242633888,-0.740649427,69,0.792957779
123021442,Macquarie Fields - Glenfield,15.33025346,3.291921588,0.0,-0.251749078,-0.07970356099999999,-0.362025012,0.08314453,-0.598440812,0.0,138.0,0.0,0.0,1.0,-0.12033831781162597,1.032334716,0.367688922,-0.740649427,67,-1.208773933
123021443,Minto - St Andrews,16.949166199999997,4.2874405860000016,0.0,0.623031746,-0.215804291,-0.785427195,-0.441151337,-0.697283416,0.0,103.0,0.0,0.0,1.0,-0.13870206520319367,0.584619441,0.389651992,-0.740649427,64,-1.5166344930000002
123021444,Rosemeadow - Glen Alpine,4.47081089,1.187945844,0.0,-0.391508341,-0.149582296,-0.212929842,-0.8513029240000001,-0.057112664,0.0,100.0,0.0,0.0,0.0,0.042999701636534333,0.642922994,0.5644601029999999,-0.740649427,64,-1.662436067
123031445,Bargo,0.871611751,0.25143498,0.0,-0.247791448,-0.385736102,-1.133109078,-1.255605314,0.008100898,0.0,29.0,0.0,0.0,0.0,0.1432897040346438,-1.341689216,-1.232029409,-0.740649427,43,-3.014141044
123031446,Douglas Park - Appin,0.361032744,0.094914225,0.0,-0.6628002620000001,-0.420770583,-0.933075127,-0.181337577,1.223541219,0.0,77.0,0.0,0.0,0.0,1.2750415977160725,-0.761072392,-0.762288638,-0.740649427,52,-0.9744423299999998
123031447,Picton - Tahmoor - Buxton,0.918339406,0.269025002,0.0,-0.6021757520000001,-0.144449647,-0.722255161,0.166997259,-0.371320085,0.0,121.0,0.0,0.0,0.0,0.7654514280745612,0.12646553800000002,0.29417987,-0.740649427,60,-1.6732033860000002
123031448,The Oaks - Oakdale,0.290919795,0.081521992,0.0,-0.836269127,-0.404472296,-1.259902388,-1.068132864,0.7827431690000001,0.0,110.0,0.0,0.0,0.0,1.4420676485405144,-0.898429453,-0.816523975,-0.740649427,46,-2.7860335059999994
124011449,Blackheath - Megalong Valley,0.406128562,0.165353369,0.0,3.16897945,1.110237712,0.141117376,0.152251605,1.677039854,0.0,90.0,0.0,0.0,0.0,0.5072331981089697,-1.373896201,-0.963990305,-0.740649427,73,6.249625997000001
124011450,Blaxland - Warrimoo - Lapstone,6.53364316,2.087963898,0.0,-0.068237496,-0.118838685,0.788584196,1.599886161,-0.162715929,0.0,149.0,0.0,0.0,0.0,-0.05067323894142356,0.376101493,0.783194355,-0.740649427,77,2.038678247
124011451,Blue Mountains - North,0.000218474,0.000100834,0.000369725,-3.36145701,-0.698134239,-1.948574115,-2.299213379,-1.4047686519999998,0.0,2.0,0.0,0.0,0.0,2.829164775369547,-2.091997386,-1.993117031,0.620272996,9,-9.712147395
124011452,Katoomba - Leura,3.356249847,1.236268441,0.0,1.358922613,1.100545163,0.346998311,1.336321268,2.332230708,0.0,183.0,0.0,0.0,0.0,0.006272206853398959,-0.347346306,0.269079218,-0.740649427,86,6.475018063
124011453,Lawson - Hazelbrook - Linden,2.446946915,0.875722482,0.0,0.004600383,-0.247839654,0.188555912,1.461460948,1.989444445,0.0,93.0,0.0,0.0,0.0,0.03690731831328467,-0.633135556,-0.155390734,-0.740649427,72,3.396222034
124011454,Springwood - Winmalee,3.173329505,1.016722888,0.0,0.388814072,-0.047842211,0.21768160000000006,1.307770689,1.406798908,0.0,213.0,0.0,0.0,0.0,0.15293767561845215,0.7205761970000001,1.178977848,-0.740649427,84,3.273223058
124011455,Wentworth Falls,2.977752424,1.091937631,0.0,1.2877232,0.454292221,1.333124494,1.367296959,-0.163809286,0.0,58.0,0.0,0.0,0.0,-0.09477679647712205,-1.296242997,-0.966231434,-0.740649427,68,4.278627588
124021456,Blue Mountains - South,1.63e-05,1.22e-05,0.0,0.0,0.0,0.0,0.0,0.0,0.0,0.0,0.0,0.0,0.0,12.313477419872434,-2.093143089,-1.994461709,-0.740649427,0,0.0
124031457,Cambridge Park,24.25383331,7.435858509,0.0,0.31027254600000004,-0.070876566,-0.984590124,0.361661244,-0.684293435,0.0,99.0,0.0,0.0,0.0,-0.1683795110570836,-0.059902151,0.199604199,-0.740649427,63,-1.067826335
124031458,Castlereagh - Cranebrook,3.59327153,0.938098634,0.0,-1.295801222,-0.31264934,-1.287579502,-0.194480424,-0.130012946,0.0,143.0,0.0,0.0,0.0,0.16237170063070827,1.177711697,1.011341351,-0.740649427,64,-3.2205234339999995
124031459,Emu Plains - Leonay,10.54516456,3.203566768,0.0,-0.6148247170000001,-0.388114379,-0.509895129,0.462554919,-0.262305864,0.0,127.0,0.0,0.0,1.0,-0.13166729817191627,-0.241941629,-0.015096019,-0.740649427,61,-1.31258517
124031460,Glenmore Park - Regentville,23.64995126,6.443192895,0.0,-1.322909566,-0.23794144600000006,-0.055680842,0.433828447,0.167764634,0.0,114.0,0.0,0.0,0.0,-0.1549008770492922,0.686077807,0.670689648,-0.740649427,68,-1.0149387729999997
124031461,Jamisontown - South Penrith,19.58970947,6.133288978,0.0,0.316036249,-0.255372991,-0.911895154,0.19882826,0.642187555,0.0,95.0,0.0,0.0,0.0,-0.15599607973700014,0.15523541300000002,0.48333121,-0.740649427,68,-0.010216081000000043
124031462,Kingswood - Werrington,14.87199601,3.482849604,0.0,-0.084810516,-0.113689391,0.929260692,-0.021393832,-0.413552358,0.0,144.0,0.0,0.0,2.0,-0.1305007799603576,0.561196179,0.193329036,-0.740649427,70,0.2958145950000001
124031463,Mulgoa - Luddenham - Orchard Hills,0.655100266,0.167319981,0.0,-1.295443842,-0.455458178,-0.768022379,-0.40759853,-0.490151541,0.0,72.0,0.0,0.0,0.0,0.6063668702274991,-0.770365317,-0.805766553,-0.740649427,46,-3.4166744700000002
124031464,Penrith,13.58379835,3.663652107,0.0,1.603158889,0.162231368,1.352496977,0.524529861,0.015155515,0.0,161.0,0.0,0.0,1.0,-0.1489867825356694,-0.296298872,-0.28896206,-0.740649427,75,3.6575726100000003
124031465,Warragamba - Silverdale,0.848083755,0.245543434,0.0,-0.6780868809999999,-0.32794844300000003,-1.373579487,-1.399827542,-0.390087865,0.0,52.0,0.0,0.0,0.0,0.12211408741696085,-1.4068669880000002,-1.29567749,-0.740649427,40,-4.169530217999999
124041466,Richmond - Clarendon,1.899615658,0.529776492,0.0,1.4157818519999998,0.183171484,-0.040657879,0.04230936,1.392314364,0.0,91.0,0.0,0.0,3.0,0.17844825729306268,-0.28789705,-0.222624623,-0.740649427,71,2.9929191809999995
124041467,Windsor - Bligh Park,6.906291245,1.89133304,0.0,-0.293142124,0.127458243,-0.195291744,-0.6786918909999999,0.114094304,0.0,101.0,0.0,0.0,1.0,-0.0861476180911815,-0.095291644,-0.06888313,-0.740649427,62,-0.925573212
124041468,Yarramundi - Londonderry,0.949457242,0.202244708,0.0,-1.214596081,-0.39657793,-1.539657651,0.003391147,0.543568043,0.0,41.0,0.0,0.0,0.0,0.2128987492789635,-1.109366107,-1.257578286,-0.740649427,45,-2.603872472
124051469,Erskine Park,7.825827972000001,2.23969502,0.0,-0.753181194,-0.043904932,-0.623766148,-0.745050788,-0.615740756,0.0,42.0,0.0,0.0,0.0,-0.15917471451434775,-1.257416395,-1.153141646,-0.740649427,46,-2.781643818
124051470,St Clair,28.25930039,8.312048862000001,0.0,-0.298812782,-0.310962574,-0.443537935,-0.656801808,-0.6265266270000001,0.0,82.0,0.0,1.0,0.0,-0.16523653404166136,0.497927913,0.6881704590000001,-0.740649427,62,-2.336641726
124051580,Colyton - Oxley Park,25.95227859,6.766981942999999,0.0,-0.032800255,-0.238927573,-1.076803158,-0.067879945,-0.649556238,0.0,77.0,0.0,0.0,0.0,-0.1782363352464549,-0.556755356,-0.584791171,-0.740649427,54,-2.065967169
124051581,St Marys - North St Marys,13.05557715,3.4247959580000003,0.0,0.891694249,-0.171004312,-0.709589427,-1.516569584,-0.57225103,0.0,129.0,0.0,0.0,1.0,-0.13639959257601236,0.044484123,-0.020922956,-0.740649427,60,-2.077720104
125011473,Homebush Bay - Silverwater,18.78707157,5.087018292,0.0,0.22867777,0.15136165599999998,-0.347725158,-0.129088593,-0.312441469,0.0,93.0,0.0,1.0,1.0,-0.14456522005692302,0.59976818,0.572079944,-0.740649427,68,-0.40921579399999997
125011475,Rookwood Cemetery,0.009950249,0.0,0.0,-3.36145701,-0.698134239,-1.948574115,-2.299213379,-1.4047686519999998,0.0,28.0,0.0,0.0,0.0,-0.18657515757100313,-2.093270389,-1.995806387,-0.740649427,18,-9.712147395
125011582,Auburn - Central,49.75890705,10.42593089,0.0,0.17702911100000002,0.005209131,0.130596211,-0.41952275,-1.041228005,0.0,72.0,0.0,0.0,1.0,-0.18291768999065758,0.270951417,-0.251311082,-0.740649427,61,-1.147916302
125011583,Auburn - North,59.08440629,14.69241774,0.0,1.990426574,0.153903808,-1.215629389,-0.045854634000000005,-1.163926424,0.0,43.0,0.0,0.0,0.0,-0.19125141834921647,-0.51640115,-0.6148223079999999,-0.740649427,58,-0.28108006499999993
125011584,Auburn - South,37.50719868,7.35088441,0.0,-0.06785816900000001,-0.095546979,-0.546289851,-1.433396637,-1.053117638,0.0,36.0,0.0,0.0,0.0,-0.18955003370877718,-0.932927843,-1.194826657,-0.740649427,45,-3.196209274
125011585,Berala,45.50071874,11.21705798,0.0,-0.7019632109999999,-0.23333274,-0.330854814,-0.688972757,-1.4047686519999998,0.0,37.0,0.0,0.0,1.0,-0.19130235800910986,-0.8848083170000001,-0.946509494,-0.740649427,46,-3.3598921739999996
125011586,Lidcombe,33.98500937,7.151780137,0.0,0.772519928,0.229436293,0.027099186,-1.022794684,-0.72264131,0.0,90.0,1.0,0.0,1.0,-0.16931170683313268,0.676912183,0.057068355,-0.740649427,65,-0.716380587
125011587,Regents Park,26.26168224,7.397934087999999,0.0,1.450177755,-0.328362455,-0.427606093,0.7203415320000001,-0.847318364,0.0,35.0,0.0,0.0,1.0,-0.19157743217253417,-1.413995806,-1.321674594,-0.740649427,54,0.567232375
125021476,Carlingford,30.15185717,7.842191668,0.0,-0.45335635,-0.071943331,1.004198481,0.459962373,-0.552109474,0.0,129.0,0.0,0.0,1.0,-0.1522876724967612,1.64719533,1.429984366,-0.740649427,78,0.38675169899999995
125021477,Ermington - Rydalmere,23.18195641,4.996452103,0.0,0.983191178,0.093156885,-0.778431971,-0.592587807,-0.400210571,0.0,137.0,0.0,0.0,2.0,-0.15168149054402985,0.817579052,0.213499203,-0.740649427,67,-0.694882286
125021478,Oatlands - Dundas Valley,30.92659645,6.631007242000001,0.0,0.449035746,-0.062209793,-0.008339649000000001,1.039115787,-0.377601508,0.0,84.0,0.0,0.0,1.0,-0.17098252767763594,0.298448289,-0.18990413,-0.740649427,68,1.040000583
125031479,Chester Hill - Sefton,26.91937259,6.26444689,0.0,1.092613283,-0.091928147,-0.28871041,-1.3645457840000002,-1.053273512,0.0,154.0,0.0,0.0,3.0,-0.16491052021834365,0.396978748,0.044966255,-0.740649427,63,-1.7058445700000002
125031480,Fairfield - East,28.38585434,6.960784314,0.0,1.149274771,-0.318561399,-1.2002672,-1.518896941,-0.964594888,0.0,110.0,0.0,0.0,2.0,-0.17283673129775537,-0.029604672,-0.213660105,-0.740649427,56,-2.853045657
125031481,Granville - Clyde,39.80385164,9.45256776,0.0,0.766601565,-0.015966098,-0.823116305,-0.996999333,-0.8171091540000001,0.0,124.0,0.0,0.0,2.0,-0.17336650376064666,0.7479457690000001,0.380239247,-0.740649427,64,-1.886589325
125031482,Greystanes - Pemulwuy,23.42729344,6.193771626,0.0,0.33705049600000003,-0.095135587,-0.715766701,-0.150521924,-0.5097020870000001,0.0,187.0,0.0,0.0,0.0,-0.14157506202118095,1.440077686,1.293723685,-0.740649427,74,-1.134075803
125031483,Guildford - South Granville,32.91200706,6.983519717,0.0,0.446042826,-0.120219501,0.227089919,-0.990330639,-0.8140997240000001,0.0,134.0,0.0,0.0,0.0,-0.16731487216531174,0.753674284,0.131473858,-0.740649427,65,-1.2515171190000003
125031484,Guildford West - Merrylands West,40.16102470000001,9.650503202000001,0.0,0.042602673,-0.214614536,-1.030646599,-0.555755213,-0.5717044,0.0,141.0,0.0,1.0,1.0,-0.17409494089712216,0.700335444,0.3681371470000001,-0.740649427,63,-2.3301180749999997
125031485,Merrylands - Holroyd,45.50826016,10.61318649,0.0,0.244267868,-0.037516072,-0.233734737,-1.4584956690000002,-0.632425314,0.0,175.0,0.0,0.0,1.0,-0.16770710754649085,1.798810028,1.200492692,-0.740649427,71,-2.117903924
125031486,Smithfield Industrial,0.081357508,0.0,0.0,-0.97689296,-0.544332964,-1.948574115,-1.385802032,-1.4047686519999998,0.0,36.0,0.0,0.0,0.0,-0.1800192233427236,-2.089196779,-1.995806387,-0.740649427,29,-6.260370722999999
125031487,Yennora Industrial,0.110630111,0.014430014,0.0,-1.828522978,-0.698134239,-1.423008849,-2.299213379,-1.4047686519999998,0.0,8.0,0.0,0.0,1.0,-0.19134310973702456,-2.090724383,-1.994461709,-0.740649427,21,-7.6536480970000005
125041489,North Parramatta,33.64395978,9.488740972,0.0,0.198089231,-0.133476542,0.319038201,0.086894628,-0.61899851,1.0,94.0,0.0,0.0,0.0,-0.16596497117813686,0.930494448,1.007307318,-0.740649427,72,-0.14845299199999995
125041490,North Rocks,15.4203869,4.246651786,0.0,1.240960497,-0.222583597,0.524309624,1.752972339,-0.282636999,0.0,58.0,0.0,0.0,0.0,-0.17454830387017337,-1.03833252,-0.972506597,-0.740649427,65,3.0130218639999997
125041491,Northmead,37.19197708,10.15675038,0.0,0.019988138,0.025863867,4.00741287,-1.084064711,-0.645488666,0.0,62.0,0.0,0.0,1.0,-0.17171096481411144,0.7153568840000001,0.7052030440000001,-0.740649427,76,2.323711498
125041492,Parramatta - Rosehill,38.49829352,11.17688596,0.0,0.340335139,0.31919427,-0.490226446,-0.233897846,-0.590981444,1.0,109.0,0.0,0.0,4.0,-0.15865003601744582,2.070596241,2.260995233,-0.740649427,80,-0.655576327
125041493,Toongabbie - Constitution Hill,30.61764706,7.605614973,0.0,0.17495697100000002,-0.351294527,-0.041338634,-0.381423388,-0.611435011,0.0,104.0,0.0,0.0,3.0,-0.16383059942860376,0.821779963,0.554150907,-0.740649427,67,-1.2105345889999999
125041494,Winston Hills,25.775069,7.674793007999999,0.0,-1.132078875,-0.07039718,0.14719848800000002,0.978918456,0.5531894589999999,0.0,75.0,0.0,0.0,0.0,-0.179784900907214,-0.666997445,-0.500076471,-0.740649427,62,0.4768303479999998
125041588,Pendle Hill - Girraween,30.87180636,6.196772748,0.0,1.529150484,-0.129721544,-0.8141453479999999,-0.091992443,-0.965326682,0.0,68.0,0.0,0.0,0.0,-0.17920418878442934,-0.34009018700000004,-0.756461701,-0.740649427,58,-0.4720355329999998
125041589,Wentworthville - Westmead,42.70071138,10.51321138,0.0,1.727597,0.47804962,1.582524812,-0.228006837,-0.332626223,0.0,105.0,0.0,0.0,0.0,-0.18188361489482174,0.045884426,-0.141047505,-0.740649427,74,3.2275383719999997
126011495,Epping - North Epping,32.62583042,9.001238599,0.0,-0.312110175,-0.097492306,1.241635371,1.849108594,-0.428050518,0.0,126.0,0.0,0.0,1.0,-0.15669395307753958,1.594874893,1.587311666,-0.740649427,84,2.253090966
126011496,Pennant Hills - Cheltenham,16.14412517,4.570482925,0.0,-1.258720182,-0.116540342,2.289276541,0.367502188,-0.115381603,0.0,102.0,0.0,0.0,3.0,-0.13421428116658585,0.638467482,0.72761434,-0.740649427,74,1.166136602
126021497,Eastwood - Denistone,34.05882353,8.519181586,0.0,0.7232513559999999,0.324198783,1.565208907,0.617506773,-0.719781782,0.0,147.0,0.0,0.0,2.0,-0.16209865099222842,1.29686481,0.990274733,-0.740649427,82,2.510384037
126021498,Gladesville - Huntleys Point,32.40882103,9.826123834,0.0,-0.55083624,-0.067796371,0.507710098,0.360654291,0.195681497,0.0,54.0,0.0,0.0,0.0,-0.1779103214231372,-0.147993983,0.081272555,-0.740649427,65,0.445413275
126021499,Hunters Hill - Woolwich,26.20091544,6.757407853999998,0.0,-1.39377814,0.17791609600000002,1.237118231,0.11898049,-0.139880864,0.0,72.0,0.0,0.0,0.0,-0.18078841220711384,-0.7091338559999999,-0.7385326640000001,-0.740649427,59,0.0003558129999998716
126021500,Macquarie Park - Marsfield,21.77567466,4.7113943030000005,0.0,0.004060172,0.171357614,-0.442139249,0.107231923,-0.641193269,1.0,142.0,0.0,1.0,2.0,-0.14757065999063312,0.8646801759999999,0.25787357,-0.740649427,68,-0.800682809
126021501,North Ryde - East Ryde,20.8420376,5.518238792000001,0.0,-0.414883423,-0.084126033,0.8748906470000001,0.7395675620000001,-0.17056937600000002,0.0,87.0,0.0,0.0,1.0,-0.17023371467720308,-0.442566956,-0.456598556,-0.740649427,64,0.9448793770000001
126021503,West Ryde - Meadowbank,43.61644407,14.29674457,0.0,0.774927719,0.032031775,0.255077365,-0.047627586,-0.67092637,0.0,89.0,0.0,0.0,2.0,-0.17752318000794742,0.567051994,1.074989433,-0.740649427,72,0.34348290300000006
126021590,Putney,28.40684661,7.445687952999999,0.0,-0.312191119,-0.160107394,1.115642147,-1.171463629,0.503710373,0.0,31.0,0.0,0.0,0.0,-0.1941957306910545,-1.5443513480000002,-1.488862864,-0.740649427,51,-0.024409621999999964
126021591,Ryde,41.11860209,12.0156852,0.0,0.334639474,0.162912277,-0.010157243,0.212370104,-0.11818339999999998,0.0,132.0,0.0,0.0,0.0,-0.16491052021834365,1.7107181969999998,1.918550626,-0.740649427,81,0.581581212
127011504,Ashcroft - Busby - Miller,32.80981146,8.885227897,0.0,-0.494749667,0.130212789,0.475785346,-1.069344557,-1.4047686519999998,0.0,114.0,0.0,0.0,0.0,-0.17410512882910084,0.1880789,0.17988225800000002,-0.740649427,60,-2.3628647409999997
127011505,Austral - Greendale,0.8238269429999999,0.212527661,0.0,-1.136859674,-0.38813874,-1.14820834,-1.746903123,-0.582260082,0.0,89.0,0.0,0.0,0.0,0.36204497948082487,-0.932545942,-0.941130783,-0.740649427,42,-5.002369959
127011506,Cobbitty - Leppington,1.70723032,0.387398023,0.0,-1.001428667,-0.438798583,-1.1993760409999998,-0.69207933,0.091086162,0.0,150.0,0.0,0.0,1.0,0.4711730128704377,0.778115948,0.298662129,-0.740649427,59,-3.240596459
127011592,Badgerys Creek,0.035273369,0.010240655,0.0,-3.36145701,-0.698134239,-1.948574115,-2.299213379,-1.4047686519999998,0.0,3.0,0.0,0.0,0.0,-0.11239682483424619,-2.08575967,-1.98773832,-0.740649427,12,-9.712147395
127011593,Cecil Hills,19.53308431,4.602454642,0.0,-0.379298654,-0.06980616099999999,-0.187721205,-1.49958877,-0.86349013,0.0,33.0,0.0,0.0,0.0,-0.1828412805008175,-1.1616865440000002,-1.222616664,-0.740649427,44,-2.9999049199999996
127011594,Green Valley,40.69984448,8.559875583,0.0,1.237345086,-0.018170704,0.172127835,-0.784873514,-0.81900833,0.0,60.0,0.0,0.0,0.0,-0.18555636437313527,-0.427927418,-0.762288638,-0.740649427,59,-0.21257962700000022
127011595,Hinchinbrook,25.42200957,5.441148325,0.0,-1.194362768,-0.124125907,-0.710263097,-2.299213379,-0.618089054,0.0,47.0,0.0,0.0,0.0,-0.17531749273456357,-0.402721951,-0.721500079,-0.740649427,44,-4.946054205000001
127011596,Hoxton Park - Carnes Hill - Horningsea Park,30.38293747,7.07464857,0.0,-0.876796162,0.022034768,-0.108127028,-1.065458716,-0.903679846,0.0,40.0,0.0,0.0,0.0,-0.1809157613568473,-0.497815301,-0.687434908,-0.740649427,50,-2.932026984
127011597,West Hoxton - Middleton Grange,17.90132786,3.947965022,0.0,-0.223521528,-0.371852591,-0.514122394,-0.922386677,-0.679883083,0.0,46.0,0.0,0.0,0.0,-0.15474805806961203,0.017241851000000002,-0.356644175,-0.740649427,53,-2.7117662730000003
127021509,Bonnyrigg Heights - Bonnyrigg,32.41086915,7.242243207,0.0,1.150982606,-0.060183877,-0.3858604920000001,-1.749236829,-1.032480842,0.0,96.0,0.0,0.0,0.0,-0.17550087551017976,0.04728473,-0.311373356,-0.740649427,58,-2.076779434
127021510,Bossley Park - Abbotsbury,20.8491855,5.300052549,0.0,-0.6282491170000001,-0.24823168,-0.337970881,0.6780790329999999,-0.552109474,0.0,90.0,0.0,0.0,0.0,-0.15346437864029855,0.431731739,0.264596959,-0.740649427,64,-1.088482119
127021511,Cabramatta - Lansvale,34.34570827,7.635597682999999,0.0,4.791262661,0.407065954,0.771899938,-1.047664177,-0.952932165,0.0,107.0,0.0,0.0,1.0,-0.16323969937384042,1.227486128,0.603903985,-0.740649427,83,3.9696322110000004
127021512,Cabramatta West - Mount Pritchard,33.86674153,8.117162643,0.0,0.538750959,0.078180191,-0.007501535,-0.949810871,-0.948052721,0.0,113.0,0.0,0.0,0.0,-0.17471640474782155,0.209847257,-0.051850545,-0.740649427,62,-1.288433977
127021513,Canley Vale - Canley Heights,40.38774003,8.879246677000001,0.0,1.543931893,0.34212166200000005,0.058129627,-0.20667102,-0.494177607,0.0,68.0,0.0,0.0,1.0,-0.17434454523059978,0.69091522,0.159712092,-0.740649427,71,1.2433345550000001
127021514,Edensor Park,33.38501292,7.906976744,0.0,-0.048958783,0.128680941,-0.655921681,-1.6493104369999998,-0.378266341,0.0,41.0,0.0,0.0,0.0,-0.18616254632586665,-0.777876036,-0.89854932,-0.740649427,49,-2.603776301
127021515,Fairfield,44.12293144,11.3144208,0.0,2.702848003,0.124544725,0.760167688,-0.92507842,-1.017196298,0.0,62.0,0.0,1.0,1.0,-0.18038598889395602,0.282281147,0.149402896,-0.740649427,70,1.6452856980000004
127021516,Fairfield - West,43.08184143,9.183716965,0.0,0.46528342,0.03318361,0.585172926,-0.019018629,-1.074018689,0.0,74.0,0.0,0.0,0.0,-0.17803257660688135,0.479596665,-0.064400871,-0.740649427,66,-0.009397362000000076
127021517,Greenfield Park - Prairiewood,23.96480616,5.680505911,0.0,-0.053055772,0.262109831,-0.530720558,-0.7151024220000001,-1.4047686519999998,0.0,44.0,0.0,0.0,0.0,-0.18340671072563416,-0.984102578,-1.069771623,-0.740649427,48,-2.4415375729999997
127021518,Horsley Park - Kemps Creek,0.828757752,0.204346358,0.0,-0.3974661820000001,-0.315787143,-1.36097432,-1.001657073,-0.8558084340000001,0.0,83.0,0.0,0.0,0.0,0.08473965895317942,-1.499923532,-1.480346572,-0.740649427,41,-3.9316931520000002
127021519,Smithfield - Wetherill Park,28.61161525,7.413793103,0.0,0.360282327,-0.144317154,-0.658241589,-0.5051764470000001,-0.49395971,0.0,112.0,0.0,0.0,0.0,-0.16825216190735012,0.314615432,0.201397103,-0.740649427,63,-1.441412573
127021520,St Johns Park - Wakeley,31.34034893,7.535308779,0.0,0.372613068,0.032421821,-0.668351032,-1.548283858,-0.896452604,0.0,52.0,0.0,0.0,0.0,-0.18353915384135697,-0.652994408,-0.776183642,-0.740649427,50,-2.708052605
127021521,Wetherill Park Industrial,0.053757158,0.0,0.0,-0.023952673,-0.491006709,-1.830609082,-1.5611467980000002,-0.65535527,0.0,65.0,0.0,0.0,0.0,-0.15834439805808545,-2.087796475,-1.995806387,-0.740649427,36,-4.562070532
127031522,Casula,23.31447964,4.850113122,0.0,1.172770942,-0.200392748,0.032723514,-0.8688714340000001,0.144385018,0.0,89.0,0.0,0.0,1.0,-0.1659089375522541,0.00527562,-0.45839146,-0.740649427,64,0.2806152919999999
127031523,Chipping Norton - Moorebank,13.68046929,3.541752933,0.0,0.7120739840000001,-0.19326621,-0.921657203,-1.078450949,-0.708892137,0.0,112.0,0.0,0.0,0.0,-0.12812189784333622,0.429822234,0.30448906600000003,-0.740649427,62,-2.1901925149999997
127031524,Holsworthy - Wattle Grove,2.944233379,0.731614654,0.0,-0.469179037,-0.010851535,0.052053247,0.694038789,-0.5758769779999999,0.0,130.0,0.0,0.0,1.0,0.17349182838543567,0.668637661,0.421027807,-0.740649427,68,-0.3098155139999999
127031598,Liverpool,46.81911695,11.77876246,0.0,1.273462883,0.026496105,1.471287935,-0.549654912,-1.037226109,0.0,131.0,0.0,0.0,0.0,-0.16974469394222652,1.672528096,1.340339181,-0.740649427,80,1.1843659020000001
127031599,Lurnea - Cartwright,35.50620133,8.355927315,0.0,1.177620384,-0.5083794189999999,-0.7237719440000001,2.095837325,-0.718211912,0.0,71.0,0.0,0.0,0.0,-0.18427268494382182,-0.5265851770000001,-0.697295879,-0.740649427,64,1.3230944340000002
127031600,Prestons - Edmondson Park,13.59963204,3.119162185,0.0,0.34037649200000003,-0.193577536,-0.591599048,-0.332750461,-0.517348789,0.0,96.0,0.0,0.0,1.0,-0.12994553766751962,0.35293283200000003,-0.020026505,-0.740649427,62,-1.294899342
127031601,Warwick Farm,13.91397849,4.260215054,0.0,1.757613606,-0.53874019,-1.040779565,-2.299213379,5.643880547,0.0,32.0,0.0,0.0,2.0,-0.1782465231784336,-1.270019128,-1.107870827,-0.740649427,64,3.522761019
128011529,Gymea - Grays Point,31.14349776,8.801310797000001,0.0,-0.901858422,-0.192246018,-0.2386069,0.33881629700000004,0.529765611,0.0,94.0,0.0,0.0,1.0,-0.17239865022267223,0.205009844,0.291490514,-0.740649427,66,-0.4641294319999999
128011530,Miranda - Yowie Bay,31.64082041,9.122894781,0.0,0.684880363,-0.08126417,1.189329465,-0.467446645,-0.212507285,0.0,94.0,0.0,0.0,1.0,-0.1713849509907937,0.32187155100000003,0.456437655,-0.740649427,71,1.112991728
128011531,Sylvania - Taren Point,27.5531039,7.325868599,0.0,0.309323745,0.033374306,-0.646652335,-1.14524259,-0.026284454,0.0,72.0,0.0,0.0,0.0,-0.17099780957560395,0.036464201,-0.0016492420000000002,-0.740649427,60,-1.475481328
128011602,Caringbah,31.001001,8.611111111,0.0,0.499265737,0.002516017,-0.472449449,-0.624625909,-0.425789596,0.0,84.0,0.0,0.0,1.0,-0.1815779769354614,-0.516655751,-0.453460975,-0.740649427,58,-1.0210832
128011603,Caringbah South,30.88943489,7.950859951,0.0,-0.5420243220000001,-0.349588911,-0.021047225,0.265759367,-0.399559388,0.0,66.0,0.0,0.0,0.0,-0.1812010234522503,-0.493232489,-0.54534729,-0.740649427,57,-1.046460479
128011604,Cronulla - Kurnell - Bundeena,9.883605054,3.602662734,0.0,-0.571948884,0.219103148,-0.488553101,0.340674064,0.382212835,0.0,151.0,0.0,0.0,1.0,-0.0741411402543091,1.062759496,2.055259533,-0.740649427,78,-0.1185119380000001
128011605,Lilli Pilli - Port Hacking - Dolans Bay,25.6884343,7.1754524,0.0,-2.175340632,-0.142779407,-0.29181483,-0.5323203879999999,-0.447938444,0.0,19.0,0.0,0.0,0.0,-0.19545903425641062,-1.678016699,-1.587024342,-0.740649427,38,-3.5901937009999996
128011606,Woolaware - Burraneer,24.81971154,6.439302885,0.0,-0.5245336389999999,-0.261698152,0.068747108,0.5744736189999999,0.311623199,0.0,74.0,0.0,0.0,1.0,-0.18498074621633995,-1.04215153,-1.035258227,-0.740649427,57,0.168612135
128021533,Heathcote - Waterfall,2.416714948,0.711181924,0.0,0.19234761600000005,-0.326073859,-0.8890791490000001,3.086763876,-0.563417952,0.0,53.0,0.0,0.0,2.0,-0.06125850026727035,-1.24404986,-1.115490668,-0.740649427,59,1.500540532
128021534,Illawong - Alfords Point,14.73828446,4.154562894,0.0,-0.750889212,-0.29754814,0.274379148,-0.652183428,-0.475684838,0.0,68.0,0.0,0.0,0.0,-0.16475770123866348,-0.7244098959999999,-0.636785379,-0.740649427,54,-1.9019264699999998
128021535,Menai - Lucas Heights - Woronora,6.482861847000001,1.653345308,0.0,-0.549315958,-0.192470358,-0.028640814,1.519934129,-0.012715675,0.0,105.0,0.0,0.0,0.0,-0.031769531154985924,0.663163747,0.479745403,-0.740649427,71,0.7367913240000001
128021536,Oyster Bay - Como - Jannali,24.79955081,6.6603032,0.0,-0.066275118,-0.158138057,-0.191184288,0.05694009,0.190148829,0.0,131.0,0.0,0.0,2.0,-0.15657169789379544,0.71764829,0.662621581,-0.740649427,71,-0.168508544
128021537,Royal National Park,0.00200956,0.00028708,0.0,-3.36145701,16.8352112,-1.948574115,-2.299213379,-1.4047686519999998,0.0,17.0,0.0,0.0,0.0,0.5078291921297223,-2.090087881,-1.994013483,-0.740649427,66,7.821198044000001
128021538,Sutherland - Kirrawee,28.05931657,8.928433269,0.0,-0.373484923,-0.034119719,0.189631649,0.396357212,-0.036262935,0.0,108.0,0.0,0.0,2.0,-0.16242975878153548,0.676402981,1.107709925,-0.740649427,73,0.14212128400000004
128021607,Engadine,19.45945946,5.82867992,0.0,0.535832902,-0.103783547,0.308090304,1.602136782,-0.367277913,0.0,116.0,0.0,0.0,1.0,-0.15632209356031782,0.124428732,0.343484722,-0.740649427,73,1.9749985280000002
128021608,Loftus - Yarrawarrah,19.31841831,5.663371487999999,0.0,-0.986695896,-0.445855888,-0.591599048,0.322737179,0.370071075,0.0,86.0,0.0,0.0,1.0,-0.18235225976584093,-1.148320009,-1.020018546,-0.740649427,53,-1.331342578
128021609,Woronora Heights,11.7341409,3.3471469560000005,0.0,-1.112364608,-0.35965266700000004,-0.663408085,-2.299213379,1.452791834,0.0,22.0,0.0,0.0,0.0,-0.18595369372030374,-1.62505976,-1.525169164,-0.740649427,41,-2.9818469050000003
